index	seqName	clade	escape	qc.overallScore	qc.overallStatus	totalSubstitutions	totalDeletions	totalInsertions	totalFrameShifts	totalMissing	totalNonACGTNs	totalAminoacidSubstitutions	totalAminoacidDeletions	totalAminoacidInsertions	totalUnknownAa	alignmentScore	alignmentStart	alignmentEnd	coverage	isReverseComplement	substitutions	deletions	insertions	frameShifts	aaSubstitutions	aaDeletions	aaInsertions	privateNucMutations.reversionSubstitutions	privateNucMutations.labeledSubstitutions	privateNucMutations.unlabeledSubstitutions	privateNucMutations.totalReversionSubstitutions	privateNucMutations.totalLabeledSubstitutions	privateNucMutations.totalUnlabeledSubstitutions	privateNucMutations.totalPrivateSubstitutions	missing	unknownAaRanges	nonACGTNs	qc.missingData.missingDataThreshold	qc.missingData.score	qc.missingData.status	qc.missingData.totalMissing	qc.mixedSites.mixedSitesThreshold	qc.mixedSites.score	qc.mixedSites.status	qc.mixedSites.totalMixedSites	qc.privateMutations.cutoff	qc.privateMutations.excess	qc.privateMutations.score	qc.privateMutations.status	qc.privateMutations.total	qc.snpClusters.clusteredSNPs	qc.snpClusters.score	qc.snpClusters.status	qc.snpClusters.totalSNPs	qc.frameShifts.frameShifts	qc.frameShifts.totalFrameShifts	qc.frameShifts.frameShiftsIgnored	qc.frameShifts.totalFrameShiftsIgnored	qc.frameShifts.score	qc.frameShifts.status	qc.stopCodons.stopCodons	qc.stopCodons.totalStopCodons	qc.stopCodons.score	qc.stopCodons.status	totalPcrPrimerChanges	pcrPrimerChanges	failedCdses	warnings	errors
0	m2-t9UZtV|2024-01-11|Switzerland|GE	B.D.E.1	-0	0	good	128	61	68	0	61	0	26	20	1	0	44860	1	15222	0.9959926422283537	false	G1A,C3G,T483C,G513T,G579A,A827G,C1018T,G1385A,G1732A,G1768A,T1846C,C2198T,A2325G,C2521T,C2554T,C2691T,A2832G,G3036C,A3060G,C3067T,C3146T,A3164G,C3169T,C3180T,C3306T,G3438A,A3579G,A3735G,C3903T,G3933A,G4008A,T4024C,T4043C,T4049C,T4058C,C4064T,C4068T,G4129A,T4199C,C4267T,C4483T,C4485T,C4490T,C4495T,A4581T,C4819T,T4852C,C4866T,T4921C,C4929T,A4943G,A4969T,A5036G,T5055C,T5215C,C5285T,C5307T,C5323T,C5378T,C5495A,T5498C,C5530T,G5580A,A5624G,C5637T,T5709A,A5825T,C6017T,C6026T,A6197G,G6244A,G6307A,T6545A,T6689C,C6731T,T6840C,T6896C,T6989C,G7232A,T7376C,C7402T,C7410T,T7439C,T7474A,A7496G,A7638G,T7872C,A7999G,C8061T,T8184C,T8259C,G8282A,G8325T,C8470T,G8886A,T8994C,T9022C,C9351T,C9768T,A10226G,T10305C,T10347C,T10680C,T11616C,T11787C,G11808A,T11901C,T11907C,C11955T,A12183T,C12429T,C12564T,T12609C,C12930T,T12942C,G12984A,A13482G,A13632G,A13743G,G13793A,T13821C,G13959T,C14477T,T14478C,C14802T,G15015A,T15101G,C15143T	973,5399-5458	0:NNNNNNNNNNNNNNNNNNNNNNNNNNNNNNNNNNNNNNNNAA,4034:A,5119:NNAAAA,7463:A,7579:N,15092:ATAT,15134:N,15222:NNNNNNNNNNNN		F:F12I,F:S190N,F:S211N,F:S389P,G:A74V,G:S95L,G:S100G,G:T131A,G:I137T,G:P214S,G:P221L,G:P245S,G:L284I,G:Y285H,L:S169P,L:K570R,L:R1759K,L:T1987I,M2-1:I125V,M2-2:I2T,M2-2:M27T,M2-2:D35N,M2-2:C49F,N:V97I,NS2:T82A,P:P73S	G:I252-,G:T253-,G:T254-,G:S255-,G:K256-,G:H257-,G:T258-,G:E259-,G:R260-,G:D261-,G:T262-,G:S263-,G:T264-,G:S265-,G:Q266-,G:S267-,G:I268-,G:A269-,G:L270-,G:D271-	G:158:XK	C5468T		A2325G,C2521T,C3306T,T4024C,T4043C,T4049C,T4058C,C4267T,A4581T,C4819T,T4921C,C4929T,C5378T,T6545A,T6689C,A7496G,A7638G	1	0	17	18	995-1010,4243-4255,4535-4537,4579,15195-15222			2500	0	good	61	8	0	good	0	150	-31	0	good	19						0		0	0	good		0	0	good	0				
6	m2-hjq9oe|2024-02-01|Switzerland|BL	B.D.E.1.2	-0	0	good	118	62	68	0	8	0	23	20	1	0	44944	1	15222	0.999474444882407	false	G513T,G579A,C583T,G599A,C829T,G1028A,T1062C,A1132G,G1385A,G1732A,G1768A,T1846C,G1972A,C2074T,C2198T,C2554T,C2691T,G3036C,A3060G,C3067T,C3082T,C3146T,C3169T,C3180T,A3579G,C3618T,A3735G,C3903T,G4008A,C4064T,G4129A,C4210T,C4483T,C4485T,C4490T,C4495T,C4866T,A4943G,A4969T,G4991A,A5032G,A5036G,T5055C,T5215C,C5285T,C5307T,T5498C,C5530T,G5580A,A5624G,C5637T,T5709A,A5825T,C6017T,C6026T,T6185A,A6197G,G6244A,G6307A,C6731T,T6840C,T6896C,T6989C,G7232A,T7376C,C7402T,C7435T,T7474A,C7509A,T7872C,A7992G,C8061T,T8184C,T8259C,G8282A,C8302T,G8325T,T8463G,C8470T,G8886A,T8994C,T9022C,A9030T,A9111G,T9214C,T9232C,C9351T,C9768T,C9771T,T10173C,A10226G,T10305C,A10446T,T10680C,T11616C,T11787C,G11808A,T11901C,T11907C,C11955T,G12051A,A12183T,C12558T,C12564T,T12609C,C12930T,T12942C,G12984A,A13471G,A13743G,C13788T,G13793A,T13821C,G13959T,C14477T,T14478C,C14802T,A15034G	973,4586,5399-5458	0:NNNNNNNNNNNNNNNNNNNNNN,3:TTGCACACTCGAAAAAAAATG,5119:NNAAAA,7463:A,7581:A,15092:ATAT,15134:N,15222:TTTTNNNNNNNN		F:F12I,F:S190N,F:S211N,F:S389P,G:A74V,G:S100G,G:A116T,G:T131A,G:I137T,G:P214S,G:P221L,G:Y285H,L:S169P,L:K570R,L:N1652D,L:R1759K,L:T1987I,M2-2:I2T,M2-2:M27T,M2-2:D35N,M2-2:C49F,N:V97I,NS2:D6N	G:I252-,G:T253-,G:T254-,G:S255-,G:K256-,G:H257-,G:T258-,G:E259-,G:R260-,G:D261-,G:T262-,G:S263-,G:T264-,G:S265-,G:Q266-,G:S267-,G:I268-,G:A269-,G:L270-,G:D271-	G:158:XK	G3C,C5468T		C829T,T1062C,A1132G,G1972A,C4210T,A5032G,T6185A,C8061T,A9030T,A9111G,T10173C,A13471G,C13788T,A15034G	2	0	14	16	1-2,4243-4248			2500	0	good	8	8	0	good	0	150	-33	0	good	17						0		0	0	good		0	0	good	0				
5	m2-5at3hA|2023-03-30|Switzerland|GR	B.D.E.1	-0	0	good	120	61	74	0	87	0	28	20	1	3	44860	1	15222	0.9942845880961766	false	T102C,G513T,G579A,C994T,G1385A,T1664C,G1732A,G1768A,T1846C,C2074T,C2198T,A2254G,C2554T,A2556G,C2691T,A2695G,G3036C,A3060G,C3082T,T3095C,T3096C,C3146T,C3169T,C3180T,A3354C,G3438A,A3579G,C3903T,G4008A,C4064T,G4129A,C4483T,C4485T,C4490T,C4495T,A4567G,A4581T,C4866T,T4872C,T4894C,T4905C,T4917C,T4941C,A4943G,A4969T,T4988C,A5036G,T5055C,C5285T,C5307T,T5326C,T5356C,T5468C,C5476T,T5496C,T5498C,C5530T,T5564C,T5569C,A5624G,A5825T,C6017T,C6026T,T6194A,A6197G,G6244A,T6282C,G6307A,G6638T,C6731T,T6840C,T6896C,T6989C,G7232A,T7376C,C7394T,T7474A,T7872C,T8184C,T8259C,G8282A,G8325T,C8470T,T8487C,A8673G,G8886A,G8901A,A8987G,C9351T,G9420A,T9603C,C9768T,A10226G,T10305C,T10680C,C10791T,T11007C,T11616C,T11787C,G11808A,T11901C,T11907C,C11955T,A12183T,T12315C,T12609C,C12930T,G12984A,T13686C,T13704C,T13728C,T13734C,A13743G,G13793A,T13821C,G13959T,C14477T,T14478C,C14802T,C14817T	973,5399-5458	0:NNNNNNNNNNNNNNNNNNNNNNNNNNNNNNNNNNNNNNNNNN,3204:AGAA,4034:A,5119:NNAAAA,7463:A,7579:N,15092:ATATAT,15134:N,15222:NNNNNNNNNNNN		F:S190N,F:S211N,F:S389P,G:A74V,G:V76A,G:I87T,G:L91P,G:V99A,G:S100G,G:S115P,G:T131A,G:I137T,G:P214S,G:P221L,G:S275P,G:L284P,G:Y285H,G:S307P,L:K157R,L:K570R,L:R1759K,L:T1987I,M2-2:I2T,M2-2:M27T,M2-2:D35N,M2-2:C49F,N:V97I,P:I131V	G:I252-,G:T253-,G:T254-,G:S255-,G:K256-,G:H257-,G:T258-,G:E259-,G:R260-,G:D261-,G:T262-,G:S263-,G:T264-,G:S265-,G:Q266-,G:S267-,G:I268-,G:A269-,G:L270-,G:D271-	G:158:XK	G3735A,T12564C		T102C,C994T,T1664C,G1768A,A2254G,A2556G,A2695G,A4567G,A4581T,T4872C,T4894C,T4905C,T4917C,T4941C,T4988C,T5326C,T5356C,T5496C,T5564C,T5569C,T6282C,C7394T,A8673G,A8987G,G9420A,C10791T,T11007C,T13686C,T13704C,T13728C,T13734C	2	0	31	33	1-13,995-1006,4243-4255,4579,5571-5585,5605,15191-15222	G:309-311		2500	0	good	87	8	0	good	0	150	-16	0	good	34						0		0	0	good		0	0	good	0				
3	m2-43Vmvj|2023-12-07|Switzerland|AG	B.D.E.1.2	-0	56.250000	mediocre	122	61	68	1	6	0	27	20	1	144	44938	1	15222	0.9996058336618053	false	G1A,C3G,C489T,G513T,G579A,C583T,G599A,A951G,G1028A,T1335C,T1384C,G1385A,T1477C,T1645C,G1732A,G1768A,T1846C,C2074T,C2198T,A2206G,C2248T,C2554T,C2691T,G3036C,A3060G,C3067T,C3082T,C3146T,C3169T,C3180T,A3579G,C3618T,A3735G,C3903T,G4008A,C4064T,G4129A,C4483T,C4485T,C4490T,C4495T,A4581T,C4866T,A4943G,A4969T,G4991A,A5036G,T5055C,C5086A,T5215C,C5285T,C5307T,G5364A,C5378T,T5498C,C5530T,G5580A,A5624G,C5637T,T5709A,A5825T,C6017T,C6026T,A6197G,G6244A,G6307A,C6641T,C6731T,T6840C,T6896C,T6989C,C7059T,G7232A,T7376C,C7402T,C7435T,G7440A,T7474A,C7509A,C7573T,T7872C,A7992G,T8184C,T8259C,G8282A,C8302T,G8325T,T8463G,C8470T,G8886A,T8994C,T9022C,T9214C,T9232C,C9351T,C9768T,C9771T,A10226G,T10305C,A10446T,T10680C,T11616C,T11787C,G11808A,T11901C,T11907C,C11955T,G12051A,A12183T,C12558T,C12564T,T12609C,C12930T,T12942C,G12984A,A13743G,G13793A,T13821C,G13959T,C14477T,T14478C,C14802T	973,5399-5458	0:NNNNNNNNNNNNNNNNNNNNNNAACTTGCACACTCGAAAAAA,2598:C,4034:A,5119:CCAAAA,7463:A,7581:A,15092:ATAT,15222:TTTTNNNNNNNN	P:99-242	F:F12I,F:S190N,F:S211N,F:S389P,G:A74V,G:S100G,G:A116T,G:T131A,G:I137T,G:S147R,G:P214S,G:P221L,G:R240K,G:P245S,G:Y285H,L:S169P,L:K570R,L:R1759K,L:T1987I,M2-2:I2T,M2-2:M27T,M2-2:D35N,M2-2:C49F,N:I80T,N:V97I,NS2:D6N,NS2:N123S	G:I252-,G:T253-,G:T254-,G:S255-,G:K256-,G:H257-,G:T258-,G:E259-,G:R260-,G:D261-,G:T262-,G:S263-,G:T264-,G:S265-,G:Q266-,G:S267-,G:I268-,G:A269-,G:L270-,G:D271-	G:158:PK	C5468T		C489T,A951G,T1335C,T1384C,T1477C,T1645C,A2206G,C2248T,A4581T,C5086A,G5364A,C5378T,C6641T,C7059T,G7440A,C7573T	1	0	16	17	4243-4248	P:99-242		2500	0	good	6	8	0	good	0	150	-32	0	good	18					P:99-242	1		0	75	mediocre		0	0	good	0				
4	m2-pdN7uy|2024-02-22|Switzerland|AG	B.D.E.1	-0	56.250000	mediocre	126	61	68	0	46	0	21	20	1	0	44877	1	15222	0.9969780580738405	false	C42T,C350T,T498C,G513T,G579A,G1385A,G1417A,A1606G,G1732A,T1846C,C2074T,C2125T,C2198T,C2364T,C2365T,C2554T,C2691T,G2982A,G3036C,A3037C,A3060G,C3082T,T3095C,T3096C,C3146T,C3169T,C3180T,A3354T,G3438A,A3579G,A3735G,G3834A,C3903T,G4008A,A4061C,C4064T,T4107C,G4129A,C4427T,C4483T,C4485T,C4490T,C4495T,A4581T,C4675T,C4866T,A4943G,A4969T,C5005A,A5036G,C5052T,T5055C,C5285T,C5307T,C5476T,T5498C,C5530T,G5580A,C5617T,A5624G,T5741C,T5804C,A5825T,C6017T,C6026T,A6197G,G6244A,G6307A,G6638T,C6731T,T6840C,T6896C,T6989C,A7169G,G7232A,T7376C,A7458G,T7474A,C7505T,C7689T,T7872C,T8184C,T8259C,G8282A,G8325T,C8470T,T8487C,G8505A,A8508G,G8886A,G8901A,C9351T,T9603C,C9768T,T10053C,A10226G,T10305C,A10500G,T10680C,T11076C,G11448A,T11595C,C11608A,T11616C,T11787C,T11901C,T11907C,C11955T,A12183T,T12309A,T12315C,C12564T,T12609C,C12930T,G12984A,A13476G,A13743G,G13793A,T13821C,G13959T,C14477T,T14478C,C14802T,T14880G,A15115G,C15143T	973,5399-5458	0:NNNNNNNNNNNNNNNNNNNNNNNNNNNNNNNN,4:AAAAAAATGG,4034:A,5119:NNAAAA,7463:A,7579:N,15092:ATAT,15134:N,15222:NNNNNNNNNNNN		F:S190N,F:S211N,F:S389P,G:A74V,G:S100G,G:T131A,G:T136I,G:I137T,G:P214S,G:P221L,G:Y285H,L:K570R,L:L1031I,L:R1759K,L:T1987I,M2-2:I2T,M2-2:M27T,M2-2:D35N,M2-2:C49F,N:V97I,SH:Q57*	G:I252-,G:T253-,G:T254-,G:S255-,G:K256-,G:H257-,G:T258-,G:E259-,G:R260-,G:D261-,G:T262-,G:S263-,G:T264-,G:S265-,G:Q266-,G:S267-,G:I268-,G:A269-,G:L270-,G:D271-	G:158:XK	G3C,C5468T		C42T,C350T,G1417A,C2125T,C2364T,C3354T,A4061C,T4107C,C4427T,A4581T,C5005A,C5052T,C5617T,T5741C,T5804C,C7505T,C7689T,G8505A,A8508G,T11076C,T11595C,T12309A,T14880G	2	0	23	25	1-2,995-1001,4226-4255,4579,15217-15222			2500	0	good	46	8	0	good	0	150	-24	0	good	26						0		0	0	good	SH:56	1	75	mediocre	0				
2	m2-3Vw5ij|2023-12-09|Switzerland|BL	B.D.E.1	-0	56.250000	mediocre	135	61	62	1	10	0	32	20	0	144	44883	1	15222	0.9993430561030088	false	G513T,G579A,C598A,A664G,C767T,A957G,T999C,C1226T,C1231T,G1385A,G1732A,T1846C,C2074T,C2198T,C2554T,C2577T,C2691T,G2995A,G3036C,A3060G,C3082T,T3095C,T3096C,C3146T,C3169T,C3180T,A3203G,C3336T,A3354T,G3438A,A3579G,A3735G,C3903T,G4008A,C4032T,C4062T,C4064T,G4129A,T4354A,C4483T,C4485T,C4490T,C4495T,A4508G,A4581T,C4866T,T4881C,A4943G,C4955A,A4969T,A5036G,T5055C,T5059C,T5236C,T5260C,C5285T,T5295C,C5307T,C5476T,T5498C,C5530T,T5576C,G5580A,A5624G,A5825T,C5894T,A5915G,C6017T,C6026T,T6099C,A6197G,G6244A,G6307A,C6731T,T6782C,T6840C,T6896C,T6989C,T7181C,G7232A,G7253A,T7376C,T7474A,A7605T,G7737A,T7872C,T8184C,T8218C,T8259C,G8260A,G8282A,A8301G,C8306T,G8325T,C8470T,C8628T,T8844C,G8886A,A9132G,C9351T,T9384C,T9567C,T9603C,C9768T,A10226G,T10305C,A10416T,T10680C,C10737T,T11616C,G11694A,T11787C,T11901C,T11907C,C11955T,G11985A,A12183T,G12534A,C12558T,C12564T,T12609C,A12626G,C12930T,G12984A,C13293T,G13694A,A13743G,G13793A,T13821C,G13959T,A14358C,C14477T,T14478C,C14802T,C14873T	973,5399-5458	0:NNNNNNNNNNNNNNN,3:TACAAACTTGCACACTCGAAAAAAATG,2598:C,4034:A,7463:A,7581:A,15092:ATAT,15222:TTTTTTTNNNNN	P:99-242	F:S190N,F:S211N,F:S389P,F:M526I,G:A74V,G:I79T,G:S100G,G:Q104K,G:T131A,G:I137T,G:P214S,G:L217P,G:P221L,G:Y285H,G:*311Q,L:I205M,L:K570R,L:H1370R,L:R1726K,L:R1759K,L:K1947N,L:T1987I,L:A2119V,M2-2:I2T,M2-2:M27T,M2-2:D35N,M2-2:H41R,M2-2:H43Y,M2-2:C49F,N:V97I,NS2:N5K,NS2:I27M	G:I252-,G:T253-,G:T254-,G:S255-,G:K256-,G:H257-,G:T258-,G:E259-,G:R260-,G:D261-,G:T262-,G:S263-,G:T264-,G:S265-,G:Q266-,G:S267-,G:I268-,G:A269-,G:L270-,G:D271-		G3C,A998C,C5468T		A664G,C767T,T999C,C1226T,C1231T,G2995A,A3203G,C4032T,C4062T,T4354A,A4508G,A4581T,T4881C,C4955A,T5059C,T5236C,T5260C,T5295C,T5576C,C5894T,T6099C,T6782C,G7253A,G7737A,T8218C,G8260A,A8301G,C8306T,C8628T,T8844C,A9132G,T9384C,T9567C,A10416T,G11694A,G11985A,G12534A,A12626G,C13293T,G13694A,C14873T	3	0	41	44	1-2,1000-1001,4243-4248	P:99-242		2500	0	good	10	8	0	good	0	150	-4	0	good	46					P:99-242	1		0	75	mediocre		0	0	good	0				
7	m2-RVmPKr|2024-03-03|Switzerland|AG	B.D.E.1	-0	0	good	131	61	67	0	25	0	23	20	1	0	44884	1	15222	0.998357640257522	false	A480G,G513T,A549T,G579A,T999C,G1385A,G1732A,T1846C,T2014C,G2032A,C2074T,C2191T,C2198T,C2554T,G2607A,C2691T,G3036C,A3060G,C3082T,T3095C,T3096C,C3146T,C3169T,C3180T,C3306T,A3354C,G3438A,A3579G,A3735G,T3885C,C3903T,C3972T,G4008A,T4058C,C4064T,T4066C,T4109C,T4118C,T4128C,G4129A,T4132C,T4141C,C4483T,C4485T,C4490T,C4495T,A4531G,A4559G,G4565A,A4581T,A4666G,T4779C,C4866T,A4943G,A4969T,A5036G,T5055C,C5093T,C5180T,T5194C,T5236C,C5285T,C5307T,C5476T,T5498C,C5530T,G5580A,C5611T,A5624G,A5825T,C6017T,C6026T,T6194A,A6197G,G6244A,G6307A,G6638T,A6716G,C6731T,T6840C,T6896C,T6989C,C7067A,G7232A,T7376C,C7435T,C7438A,T7474A,T7872C,T8184C,T8259C,T8278C,G8282A,G8325T,C8470T,T8487C,G8886A,G8901A,C9351T,A9498G,T9603C,C9768T,T10020C,A10226G,T10305C,T10680C,T11550C,T11616C,A11757T,T11787C,T11901C,T11907C,C11955T,A12183T,T12315C,C12564T,T12609C,C12723T,C12930T,G12984A,A13743G,T13758C,G13793A,T13821C,G13959T,T14460C,C14477T,T14478C,T14728G,C14802T,A14971G	973,5399-5458	0:NNNNNNNNNNNNNNNNNN,3:AAACTTGCACACTCGAAAAAAATG,4034:A,5119:CCAAAA,7463:A,7581:A,15092:ATAT,15222:NNNNNNNNNNNN		F:S190N,F:S211N,F:S389P,G:V45A,G:A74V,G:S100G,G:T131A,G:I137T,G:P150S,G:L179F,G:P214S,G:P221L,G:Y285H,L:K570R,L:R1759K,L:T1987I,L:L2071V,L:I2152V,M2-2:I2T,M2-2:M27T,M2-2:D35N,M2-2:C49F,N:V97I	G:I252-,G:T253-,G:T254-,G:S255-,G:K256-,G:H257-,G:T258-,G:E259-,G:R260-,G:D261-,G:T262-,G:S263-,G:T264-,G:S265-,G:Q266-,G:S267-,G:I268-,G:A269-,G:L270-,G:D271-	G:158:PK	G3C,A998C,G5119A,C5468T,G7333A,G7336A,C7346T,A13464G		A549T,T999C,G2032A,C3972T,G4565A,A4581T,C5093T,C5180T,C5611T,T8278C,A11757T,T14460C,T14728G	8	0	13	21	1-2,1000-1001,4243-4248,15208-15222			2500	0	good	25	8	0	good	0	150	-28	0	good	22						0		0	0	good		0	0	good	0				
8	m2-Lq3fms|2024-01-24|Switzerland|SO	B.D.E.1	-0	0	good	144	61	68	0	69	0	27	20	1	0	44782	1	15222	0.9954670871107607	false	G513T,G579A,G622A,G740A,T1033C,G1385A,G1732A,T1846C,C2074T,C2198T,C2554T,C2691T,T3018C,G3036C,A3060G,C3082T,T3095C,T3096C,T3104C,C3146T,C3169T,C3180T,C3306T,A3354C,A3396G,G3411A,C3414T,G3438A,A3579G,T3672C,T3675C,A3735G,T3837C,G3891A,C3903T,G4008A,C4064T,C4083T,G4129A,G4430A,C4483T,C4485T,C4490T,C4495T,A4581T,C4866T,A4943G,A4969T,C4971T,C5016T,A5036G,T5055C,C5285T,C5307T,T5326C,C5476T,T5498C,C5506T,C5530T,G5554A,G5580A,A5624G,T5726C,A5825T,T5834C,G5930A,C6017T,C6026T,A6197G,G6244A,G6307A,C6731T,T6840C,T6896C,T6941C,T6989C,G7232A,T7376C,T7474A,T7872C,T8073C,G8103A,T8184C,T8259C,G8282A,G8325T,A8425G,C8470T,T8487C,C8492T,A8527G,T8637C,G8886A,G8901A,A9024G,A9174T,C9351T,T9603C,C9768T,A10226G,A10260G,T10305C,T10680C,A10695G,T11044C,C11179T,C11409A,T11616C,T11787C,T11901C,T11907C,C11955T,G12009A,A12084T,A12183T,T12315C,G12369A,A12432G,C12564T,T12609C,G12780A,C12930T,A12954G,G12984A,C13566T,A13743G,G13793A,T13821C,G13959T,G14344A,G14410A,C14477T,T14478C,C14802T,G14907A,T14973C,T14985C,T15050C,G15056A,T15065C,T15073C,T15138C,T15165C,C15170T	973,5399-5458	0:NNNNNNNNNNNNNNNNNNNNNNNNNNNNNNNN,4:AAAAAAATGG,4034:A,5119:NNAAAA,7463:A,7579:N,15092:ATAT,15134:N,15222:NNNNNNNNNNNN		F:S190N,F:S211N,F:S389P,G:A74V,G:S100G,G:P109L,G:S124L,G:T131A,G:I137T,G:P214S,G:P221L,G:Y285H,L:I4V,L:K570R,L:R1189S,L:R1759K,L:A1943T,L:V1965I,L:T1987I,M2-2:I2T,M2-2:M27T,M2-2:D35N,M2-2:C49F,M2-2:I82M,N:V97I,NS2:D53N,SH:G58R	G:I252-,G:T253-,G:T254-,G:S255-,G:K256-,G:H257-,G:T258-,G:E259-,G:R260-,G:D261-,G:T262-,G:S263-,G:T264-,G:S265-,G:Q266-,G:S267-,G:I268-,G:A269-,G:L270-,G:D271-	G:158:XK	G3C,C4439T,C5468T,C7794T,T10875C		G740A,T3018C,T3104C,G3411A,C3414T,T3672C,T3675C,C4083T,A4581T,C5016T,C5506T,T6941C,A8425G,C8492T,T8637C,A9174T,T11044C,A12084T,A12432G,C12564T,G12780A,G14907A,T14973C,T14985C,T15050C,G15056A,T15065C,T15073C,T15138C,T15165C	5	0	30	35	1-2,990-1010,4243-4255,4579,15191-15222			2500	0	good	69	8	0	good	0	150	-14	0	good	36						0		0	0	good		0	0	good	0				
1	m2-X3sxhS|2023-12-26|Switzerland|GR	B.D.E.1.2	-0	404.814400	bad	80	61	64	0	4524	0	20	20	1	1237	40607	1	15222	0.7027985810011825	false	G513T,G579A,G599A,C937T,C946T,G1385A,G1640A,G1732A,G1768A,T1846C,C2074T,C2198T,C2554T,C2691T,G3036C,A3060G,C3067T,C3082T,A3579G,C3618T,A3735G,C3903T,G4008A,C4064T,G4129A,C4483T,C4485T,C4490T,C4495T,C4866T,A4943G,A4969T,G4991A,A5036G,T5055C,T5215C,C5285T,C5307T,C5378T,T5498C,C5530T,G5580A,A5624G,T5709A,C5798T,A5825T,C6017T,C6026T,G6244A,G6307A,C6731T,T6840C,T6896C,T6989C,G7232A,C7435T,T7872C,A7992G,T8184C,T8259C,G8282A,G8886A,C8895T,T9214C,T9232C,C9351T,C9768T,C9771T,A10226G,G10869A,C11073A,T11616C,T11787C,G11808A,C12405T,T12609C,T12942C,C13901T,C14802T,C14898T	973,5399-5458	0:NNNNNNNNNNNNNNNNNNNNNNNNNNNNNNNNNNNNNNNNNN,4034:A,5116:NNNNNA,7625:NN,15222:NNNNNNNNNNNNN		F:F12I,F:S190N,F:S211N,F:S389P,G:A74V,G:S100G,G:A116T,G:T131A,G:I137T,G:P214S,G:P221L,G:P245S,G:Y285H,L:K570R,M2-2:I2T,M2-2:M27T,M2-2:D35N,N:V97I,N:V182I,NS2:D6N	G:I252-,G:T253-,G:T254-,G:S255-,G:K256-,G:H257-,G:T258-,G:E259-,G:R260-,G:D261-,G:T262-,G:S263-,G:T264-,G:S265-,G:Q266-,G:S267-,G:I268-,G:A269-,G:L270-,G:D271-	G:157:XX	G2351A,C5468T,C13308T,C13326T,C13338T,C13342T			6	0	0	6	1-29,582-583,975-1088,2275-2304,2613-2659,3100-3253,4088-4118,4186-4189,4201-4255,4535-4559,4568-4637,5116,5637-5644,5860-5864,5963-6013,6189-6203,6430-6627,6630,6929-6947,7086-7227,7314-7415,7451-7749,7753-7758,8167-8171,8238-8245,8285-8287,8291-8431,8441-8540,8607,8614-8622,8625-8657,8813-8814,8817-8832,8975-9166,9381-9386,9411-9414,9418-9431,9516-9517,9533-9534,9543-9553,9575-9584,9854-9913,9997-10137,10150-10155,10230-10262,10271-10292,10299-10310,10315-10373,10377,10384-10391,10424-10436,10443-10449,10585-10586,10617-10637,10661-10684,10759-10774,10817,11003-11070,11074-11085,11158-11161,11168-11169,11319-11388,11694-11702,11820,11833-11867,11875-11876,11884-12057,12063-12077,12105-12117,12119-12202,12306-12352,12538-12545,12554-12578,12720-12726,12732-12774,12779-12806,12814-12904,12924-12940,12944-13011,13014-13031,13037-13053,13056-13078,13446-13699,13742-13743,13750-13751,13775-13780,13782-13884,13899-13900,13918,13924-14146,14226-14540,14723-14730,14749-14758,14840-14841,14845-14853,14864-14871,14904-14923,14928-14935,14946-15222	P:103-119,M:1-12,G:157,F:62-63,F:97-113,F:172-176,F:252-319,F:419-424,F:471-518,F:547-575,M2-1:1-41,M2-1:43-44,M2-1:181-182,M2-2:20-22,M2-2:36,M2-2:38-84,M2-2:88-91,L:1-8,L:33-47,L:99,L:101-105,L:153-217,L:288-290,L:298-299,L:301-305,L:333-334,L:339,L:342-346,L:353-356,L:446-466,L:494-540,L:545-546,L:571-582,L:585-592,L:594-598,L:600-620,L:623-625,L:636-640,L:642-644,L:690,L:700-707,L:715-723,L:748-753,L:767,L:829-851,L:853-856,L:881-882,L:884,L:934-957,L:1059-1062,L:1106-1117,L:1120,L:1123-1180,L:1183-1187,L:1196-1229,L:1264-1279,L:1341-1343,L:1346-1354,L:1401-1403,L:1405-1419,L:1421-1430,L:1433-1463,L:1470-1505,L:1507-1521,L:1643-1728,L:1742,L:1745,L:1753-1789,L:1795,L:1801,L:1803-1877,L:1904-2008,L:2069-2071,L:2078-2081,L:2108,L:2110-2112,L:2116-2118,L:2129-2140,L:2143-2167		2500	201.200000	bad	4524	8	0	good	0	150	-44	0	good	6						0		0	0	good		0	0	good	0				
11	51199_1_39|19.12.2024|Switzerland|SH	B.D.E.1	-0	0	good	144	2	4	0	2	0	31	0	0	0	45064	1	15222	0.9998686112206018	false	C3G,T17C,A179G,T455A,G513T,G579A,G649A,T997C,C998A,C1001T,G1020A,G1063A,A1111G,T1258C,T1273C,G1385A,G1732A,T1846C,C2069T,C2074T,A2089G,C2198T,A2254C,G2469A,C2554T,C2691T,T3027C,G3036C,A3060G,C3082T,T3095C,T3096C,C3146T,C3169T,C3180T,G3208A,A3354T,G3438A,A3579G,A3735G,C3903T,G4008A,C4064T,G4123A,G4129A,T4193C,C4208T,A4395T,C4483T,C4485T,C4490T,C4495T,C4866T,A4943G,A4969T,C5010T,A5036G,T5055C,C5285T,A5291C,C5307T,T5400C,A5413C,T5448C,T5455C,T5468C,C5476T,T5498C,C5530T,C5560T,G5580A,A5624G,A5825T,C6017T,C6026T,T6194A,A6197G,G6244A,G6307A,G6638T,C6731T,T6840C,A6875G,T6896C,T6989C,G7232A,T7376C,T7474A,C7489A,G7495T,T7872C,T8184C,T8259C,G8282A,G8325T,A8389G,C8470T,T8487C,C8698T,A8766G,G8886A,G8901A,A9111G,C9351T,T9438C,T9603C,C9660T,T9736C,C9768T,A10226G,T10305C,C10461T,T10680C,A10774G,C10854A,C11142T,T11616C,T11787C,G11808A,A11830G,T11901C,T11907C,C11955T,A12183T,A12300G,T12315C,C12564T,T12609C,C12930T,G12984A,A13419G,T13719C,G13720A,A13743G,A13746G,G13793A,T13821C,G13959T,G14106A,G14132A,C14477T,T14478C,A14565G,C14802T	973,4586	15092:ATAT		F:S190N,F:S211N,F:S389P,G:A74V,G:S100G,G:T122I,G:T131A,G:I137T,G:P214S,G:T216P,G:P221L,G:I252T,G:K256N,G:I268T,G:S275P,G:Y285H,L:K570R,L:I753V,L:I1105V,L:G1735R,L:R1759K,L:R1872K,L:T1987I,L:I2016M,M2-2:I2T,M2-2:M27T,M2-2:D35N,M2-2:C49F,N:V97I,N:E386D,SH:E46V					T17C,A179G,T455A,G649A,T997C,C1001T,G1020A,G1063A,A1111G,T1258C,T1273C,C2069T,A2254C,G2469A,G3208A,G4123A,T4193C,C4208T,A4395T,C5010T,A5291C,C5560T,A6875G,C7489A,G7495T,A8389G,C8698T,A8766G,A9111G,T9438C,C9660T,T9736C,C10461T,A10774G,C10854A,C11142T,A11830G,A12300G,T13719C,G13720A,A13746G,G14106A,G14132A,A14565G	0	0	44	44	1-2			2500	0	good	2	8	0	good	0	150	-6	0	good	44						0		0	0	good		0	0	good	0				
12	51199_1_92|20.11.2024|Switzerland|AG	B.D.E.1	-0	0	good	133	2	4	0	1	0	28	0	0	0	45109	1	15222	0.9999343056103008	false	C3G,C72T,A95G,G513T,G579A,T859C,A916G,C998A,G1385A,G1732A,T1846C,C2074T,C2146T,C2198T,C2554T,C2691T,T2754C,T2781C,C2796T,G3036C,A3060G,C3082T,T3095C,T3096C,T3142C,C3146T,T3154C,C3169T,C3180T,T3186C,A3354C,G3380A,G3438A,A3579G,C3618T,A3735G,C3903T,G4008A,C4064T,G4129A,A4194G,A4315T,A4396G,C4483T,C4485T,C4490T,C4495T,C4675T,C4866T,C4931T,A4943G,A4969T,A5036G,T5055C,C5269T,C5285T,C5306A,C5307T,C5398A,T5400C,A5413C,T5448C,T5455C,T5468C,C5476T,T5498C,C5530T,G5580A,C5614A,A5624G,A5825T,C6017T,C6026T,T6194A,A6197G,G6244A,G6307A,G6407A,C6447T,G6638T,C6731T,C6765A,T6782C,T6840C,T6896C,T6989C,G7232A,T7376C,T7474A,T7872C,T8184C,T8259C,G8282A,G8325T,T8428C,C8470T,T8601C,G8886A,G8901A,C9351T,T9603C,C9768T,G10077A,T10116C,A10226G,T10305C,C10461T,T10680C,G10780A,T11616C,T11787C,G11808A,T11901C,C11955T,G12051A,A12183T,T12315C,C12558T,C12564T,T12609C,C12930T,G12984A,T13679G,A13743G,C13748T,G13793A,T13821C,G13959T,C14477T,T14478C,C14802T,C14817T,T15122A	973,4586	15092:ATAT		F:S190N,F:S211N,F:S389P,G:A74V,G:P96S,G:S100G,G:T131A,G:I137T,G:P214S,G:P221M,G:D251E,G:I252T,G:K256N,G:I268T,G:S275P,G:Y285H,L:K570R,L:D755N,L:V1721G,L:T1744I,L:R1759K,L:T1987I,M:S54N,M2-2:I2T,M2-2:M27T,M2-2:D35N,M2-2:C49F,N:V97I			A27G,T2700A,C11907T		C72T,A95G,T859C,A916G,C2146T,T2754C,T2781C,C2796T,T3142C,T3154C,T3186C,G3380A,C3618T,A4194G,A4315T,C4675T,C5269T,C5306A,C5614A,G6407A,C6447T,C6765A,T6782C,T8428C,T8601C,G10077A,T10116C,C10461T,G10780A,C12558T,T13679G,C13748T,T15122A	3	0	33	36	1			2500	0	good	1	8	0	good	0	150	-14	0	good	36						0		0	0	good		0	0	good	0				
13	51199_2_11|03.02.2025|Switzerland|ZH	B.D.E.6	-0	0	good	129	3	3	0	146	0	29	0	1	0	44970	1	15222	0.9904086191039285	false	C3G,A23G,C182T,G434A,A511G,G513T,G546A,G579A,C610T,T760C,C817T,C904A,C1005T,A1357G,G1385A,T1394C,C1429T,C1577T,T1846C,T1882A,G2104A,A2152G,A2197G,C2198T,C2248T,C2519T,A2527G,A2547G,C2796T,C3000T,G3034A,A3052G,C3067T,C3082T,C3099T,A3106G,A3145G,C3146T,A3157G,T3158A,C3170T,C3180T,A3181G,A3735G,T3963C,G4016A,C4064T,T4186C,G4438T,C4463T,G4492A,C4495T,C4738T,T4837A,C4866T,A4937G,A4985G,T5000C,C5074T,A5179G,A5230G,T5287C,T5326C,C5386T,T5400C,T5438C,T5448C,T5449C,T5454C,T5455C,T5468C,T5492C,T5494C,T5496C,T5498C,T5588C,A5624G,A5649G,T5710A,A5747T,T5897G,C6017T,G6244A,G6307A,G6347A,C6731T,G7232A,T7376C,C7479T,A7983G,T8184C,T8224C,C8470T,G8886A,A9092G,A9486G,A9654G,C9768T,C9981T,T10158C,T10620C,C10926T,C10929T,T11331C,T11358C,A11757G,T11787C,G11985A,C12519A,C12699T,A13641G,T13673C,C13742T,A13743G,T13795C,T13821C,A13855G,G13959T,T14040C,C14477T,T14493C,T14562C,T14607C,T14616C,C14676T,A15012C,C15019A,A15027G,C15057T	521,973,7402	5317:GAA		F:F12Y,F:S190N,F:S211N,G:A74V,G:R98G,G:N114D,G:S119P,G:I252T,G:S265P,G:I268T,G:L270P,G:S275P,G:S283P,G:L284P,G:Y285H,L:K192R,L:I1719T,L:T1742M,L:F1760L,L:I1780V,L:T1987I,L:E2165D,M2-2:I2T,N:V97I,N:Y100H,NS1:M126I,P:T72I,P:T75A,SH:M60I		G:224:E			C182T,T1394C,C2519T,A2527G,T3158A,G4438T,C4463T,G4492A,A4985G,C5074T,A5230G,T5710A,A7983G,A13855G,T14040C,T14607C,T14616C,A15027G	0	0	18	18	1-2,15079-15222			2500	0	good	146	8	0	good	0	150	-30	0	good	20						0		0	0	good		0	0	good	0				
9	m2-49m5VA|2023-11-24|Switzerland|BS	B.D.E.1.2	-0	0	good	117	61	64	0	109	0	26	20	1	0	44862	1	15222	0.9928393115227959	false	G332A,G513T,G579A,C583T,G599A,G787A,G1028A,G1385A,G1732A,G1768A,T1846C,T1993C,C2074T,C2198T,C2554T,C2691T,G3036C,A3060G,C3067T,C3082T,C3123T,C3146T,C3169T,C3180T,A3579G,C3618T,A3735G,C3903T,G4008A,C4064T,G4129A,C4483T,C4485T,C4490T,C4495T,A4581T,C4866T,A4943G,A4969T,G4991A,A5036G,T5055C,T5215C,C5285T,C5307T,T5498C,C5524A,C5530T,G5580A,A5624G,C5637T,T5709A,A5825T,C6017T,C6026T,C6040A,A6197G,G6244A,G6307A,C6731T,T6840C,T6896C,T6989C,G7232A,T7376C,C7402T,C7435T,T7474A,C7509A,T7872C,A7992G,T8073C,T8184C,T8259C,A8280G,G8282A,C8302T,G8325T,T8463G,C8470T,G8886A,G8932A,T8994C,T9022C,T9214C,T9232C,C9351T,C9768T,C9771T,A10226G,T10305C,A10446T,T10680C,T11616C,T11787C,G11808A,C11814T,T11901C,T11907C,C11955T,G12051A,A12183T,C12558T,C12564T,T12609C,C12930T,T12942C,G12984A,A13743G,A13757G,G13793A,T13821C,T13869C,G13959T,C14477T,T14478C,C14802T	973,5399-5458	0:NNNNNNNNNNNNNNNNNNNNNNNNNNNNNNNNNNNNNNNNNN,4034:A,5119:NNAAAA,7463:A,7579:N,15134:N,15222:NNNNNNNNNNNN		F:F12I,F:T122N,F:S190N,F:S211N,F:S389P,G:A74V,G:S100G,G:A116T,G:T131A,G:I137T,G:P214S,G:P221L,G:Y285H,L:V139I,L:S169P,L:K570R,L:N1747S,L:R1759K,L:T1987I,M2-2:I2T,M2-2:M27T,M2-2:K34R,M2-2:D35N,M2-2:C49F,N:V97I,NS2:D6N	G:I252-,G:T253-,G:T254-,G:S255-,G:K256-,G:H257-,G:T258-,G:E259-,G:R260-,G:D261-,G:T262-,G:S263-,G:T264-,G:S265-,G:Q266-,G:S267-,G:I268-,G:A269-,G:L270-,G:D271-	G:158:XK	C5468T		G332A,G787A,T1993C,C3123T,A4581T,C5524A,C6040A,T8073C,A8280G,G8932A,C11814T,A13757G,T13869C	1	0	13	14	1-6,4243-4255,4579,15078-15114,15171-15222			2500	0	good	109	8	0	good	0	150	-35	0	good	15						0		0	0	good		0	0	good	0				
10	m2-tUrV5z|2024-01-16|Switzerland|BS	B.D.E.1.2	-0	0	good	125	61	67	0	8	0	29	20	1	0	44925	1	15222	0.999474444882407	false	G513T,G579A,C583T,G599A,C937T,C946T,G1028A,G1385A,G1640A,G1732A,G1768A,T1846C,C2074T,C2198T,A2351G,C2554T,C2691T,G3036C,A3060G,C3067T,C3082T,C3146T,C3169T,C3180T,A3579G,C3618T,A3735G,C3903T,G4008A,C4064T,G4129A,C4483T,C4485T,C4490T,C4495T,A4581T,C4866T,A4943G,A4969T,G4991A,A5036G,T5055C,T5215C,C5285T,C5307T,C5378T,T5468C,T5498C,C5530T,G5580A,A5624G,C5637T,T5709A,C5798T,A5825T,C6017T,C6026T,A6197G,G6244A,G6307A,C6731T,T6840C,T6896C,T6989C,G7232A,T7376C,C7402T,C7435T,T7474A,C7509A,T7872C,A7992G,T8184C,T8259C,G8282A,C8302T,G8325T,T8463G,C8470T,G8886A,C8895T,T8994C,T9022C,T9214C,T9232C,C9351T,C9768T,C9771T,A10226G,T10305C,A10446T,T10680C,G10869A,C11073A,T11616C,T11787C,G11808A,T11901C,T11907C,C11955T,G12051A,A12183T,C12405T,C12558T,C12564T,T12609C,C12930T,T12942C,T12972C,G12984A,T13308C,T13326C,T13338C,T13342C,A13743G,G13793A,T13821C,C13883T,C13901T,G13959T,A14044T,C14477T,T14478C,C14802T,C14898T	973,5399-5458	0:NNNNNNNNNNNNNNN,3:TACAAACTTGCACACTCGAAAAAAATG,4034:A,5119:CCAAAA,7463:A,7581:A,15092:ATAT,15222:TTTTTTTNNNNN		F:F12I,F:S190N,F:S211N,F:S389P,G:A74V,G:S100G,G:A116T,G:T131A,G:I137T,G:P214S,G:P221L,G:P245S,G:S275P,G:Y285H,L:S169P,L:K570R,L:R1759K,L:S1789F,L:T1795I,L:I1843F,L:T1987I,M2-2:I2T,M2-2:M27T,M2-2:D35N,M2-2:C49F,N:V97I,N:V182I,NS2:D6N,P:K16R	G:I252-,G:T253-,G:T254-,G:S255-,G:K256-,G:H257-,G:T258-,G:E259-,G:R260-,G:D261-,G:T262-,G:S263-,G:T264-,G:S265-,G:Q266-,G:S267-,G:I268-,G:A269-,G:L270-,G:D271-	G:158:PK	G3C			1	0	0	1	1-2,4243-4248			2500	0	good	8	8	0	good	0	150	-49	0	good	1						0		0	0	good		0	0	good	0				
18	51199_2_45|08.03.2025|Switzerland|GR	B.D.E.1.8	-0	2421.312400	bad	31	0	0	0	10136	8	7	0	0	2888	35402	1	15222	0.3335961108921298	false	C413A,G1768A,T1846C,C2049T,C2074T,C2554T,C2691T,A5825T,G6307A,A6518G,G6638T,A6722G,C6731T,T6840C,T6896C,T6989C,C7067T,T7872C,T7935C,T7959C,T7995C,A8255G,T8259C,T10195C,A10215C,T10680C,T11616C,T12609C,A14613G,T14670C,C14802T				F:S211N,F:S389P,L:S560P,M2-2:S26G,M2-2:M27T,N:P318L,NS1:D119E					C413A,G1768A,C2049T,T7935C,T7959C,T7995C,A8255G,A10215C	0	0	8	8	1-204,419-620,967,970-1479,1690-1744,1758-1763,2159-2432,2575-2626,2633-2638,2718-4273,4425-5788,5886-6255,6320-6331,6383-6388,6535-6620,6967-6975,7211-7626,7725-7767,7778-7794,8036-8205,8275-10074,10220-10545,10793-10926,11360-11459,11700-12486,12700-13061,13618-13703,13714-14422,14462-14482,14551-14584,14633-14642,14815-15222	NS1:1-50,NS1:122-140,NS2:1-13,NS2:125,N:1-128,N:198-216,N:221-223,N:355-392,P:1-43,P:90-108,P:110-112,P:138-242,M:1-257,SH:1-5,SH:50,SH:56-66,G:1-311,F:1-38,F:71-194,F:216-219,F:236-238,F:287-315,F:431-434,F:512-575,M2-1:33-47,M2-1:51-56,M2-1:137-193,M2-2:1-9,M2-2:32-91,L:1-519,L:568-676,L:759-803,L:948-981,L:1062-1323,L:1349,L:1395-1515,L:1701-1729,L:1733-1969,L:1982-1989,L:2012-2023,L:2039-2042,L:2100-2167	W:956,W:2574,Y:4407,R:11316,Y:11319,Y:11322,Y:11601,W:12564	2500	481.800000	bad	10136	8	100	bad	8	150	-42	0	good	8						0		0	0	good		0	0	good	0				
14	51199_2_33|20.02.2025|Switzerland|BL	B.D.E.1	-0	0	good	140	2	0	0	36	0	32	0	0	0	45052	1	15222	0.9976350019708317	false	C3G,T478C,T485C,G513T,G579A,A597G,T1130C,G1385A,T1664C,G1732A,G1768A,T1846C,C2053T,C2074T,C2198T,T2219C,C2554T,C2691T,G2901A,A2928G,G3036C,A3060G,C3067T,C3082T,C3138T,C3146T,C3169T,C3180T,T3345C,G3438A,C3485T,A3579G,A3735G,C3903T,G4008A,C4064T,G4129A,C4483T,C4485T,C4490T,C4495T,T4681C,C4866T,A4943G,A4969T,A5036G,T5055C,T5215C,C5245A,C5285T,C5307T,T5356C,T5400C,T5438C,T5448C,T5455C,T5468C,T5498C,C5529T,C5530T,G5580A,A5624G,C5637T,T5709A,A5825T,C6017T,C6026T,A6137G,A6197G,C6200T,G6244A,G6307A,G6368A,T6429C,C6731T,T6840C,T6896C,C6953T,T6989C,G7232A,T7376C,C7402T,C7409T,A7447T,T7474A,T7851C,T7872C,C8091T,T8184C,T8259C,G8282A,G8325T,C8414T,C8466T,C8470T,T8487C,T8497C,T8498C,G8886A,A8988G,T8994C,G9009A,T9022C,G9093A,C9351T,C9768T,A10226G,T10305C,T10680C,A10803G,A10863G,A10987G,G11604A,T11787C,G11808A,T11856C,T11901C,T11907C,C11955T,G11985A,A12183T,C12564T,T12609C,G12834A,C12930T,T12942C,G12984A,G13593A,G13718A,A13735T,A13743G,G13793A,T13821C,T13911C,G13959T,A14264G,C14477T,T14478C,C14802T,G15015A	973,4586			F:F12I,F:S190N,F:S211N,F:S389P,G:A74V,G:S100G,G:T131A,G:I137T,G:P214S,G:P221L,G:I252T,G:S265P,G:I268T,G:S275P,G:Y285H,G:S295F,L:S169P,L:K570R,L:I824V,L:S1734N,L:M1740L,L:R1759K,L:N1916S,L:T1987I,M:T89I,M2-2:I2T,M2-2:M27T,M2-2:D35N,M2-2:C49F,M2-2:P79S,N:V97I,NS2:N5S			C11616T		T478C,T485C,A597G,T1130C,T1664C,C2053T,T2219C,G2901A,A2928G,C3138T,T3345C,C3485T,T4681C,C5245A,T5356C,T5438C,C5529T,A6137G,C6200T,G6368A,T6429C,C6953T,C7409T,A7447T,T7851C,C8091T,C8414T,C8466T,T8487C,T8497C,T8498C,A8988G,G9009A,G9093A,A10803G,A10863G,A10987G,G11604A,T11856C,G11985A,G12834A,G13593A,G13718A,A13735T,T13911C,A14264G	1	0	46	47	1-2,15189-15222			2500	0	good	36	8	0	good	0	150	-3	0	good	47						0		0	0	good		0	0	good	0				
16	51199_2_40|20.02.2025|Switzerland|BS	B.D.E.1	-0	0	good	153	2	3	0	4	0	29	0	0	0	45026	1	15222	0.9997372224412036	false	C3G,A16G,T17C,A134G,G513T,T540C,G545A,G579A,C688T,C829T,C998A,G1385A,G1732A,T1846C,T1990A,C2074T,C2198T,C2535T,C2554T,A2685G,C2691T,A2928G,G3036C,A3060G,C3082T,T3095C,T3096C,C3146T,C3169T,C3180T,A3354C,G3438A,A3525G,A3579G,A3735G,C3903T,G4008A,A4061G,C4064T,G4129A,A4333G,C4483T,C4485T,T4488C,C4490T,G4494A,C4495T,C4866T,C4867A,A4943G,C4966T,A4969T,A5036G,T5055C,T5062C,C5285T,C5307T,T5400C,A5413C,T5438C,T5448C,T5449C,G5452A,T5455C,T5468C,T5494C,T5498C,C5530T,G5580A,A5624G,G5800A,A5825T,A5975G,C6017T,C6026T,A6197G,G6244A,G6251A,G6307A,A6608T,C6731T,T6840C,T6896C,T6929C,T6935C,T6941C,T6989C,G7232A,T7376C,C7402T,T7474A,G7515A,T7529C,T7534C,G7574A,C7598T,A7866G,T7872C,A7887T,A8150G,T8184C,T8259C,G8282A,G8325T,C8470T,T8487C,A8820G,G8886A,G8901A,C8946T,T9046C,C9351T,T9603C,A9717G,C9768T,A10226G,T10305C,A10677G,G10692A,T10749C,T10767C,G11139A,G11469A,C11505T,G11584A,T11616C,G11676A,T11787C,T11901C,T11907C,C11955T,A12183T,T12315C,G12486A,C12564T,T12609C,G12759A,C12930T,G12984A,T13149C,C13380T,T13596A,A13743G,G13793A,T13821C,G13959T,G14410A,C14477T,T14478A,A14793G,C14802T,A14833G,G15141A	973,4586	15089:ATA		F:R42K,F:S190N,F:S211N,F:S389P,G:A74V,G:S100G,G:T131A,G:I137T,G:P214S,G:P221L,G:I252T,G:K256N,G:S265P,G:I268T,G:S275P,G:Y285H,L:Y177H,L:K570R,L:D1023N,L:R1759K,L:V1965I,L:T1987I,L:I2106V,M2-1:N175S,M2-2:I2T,M2-2:M27T,M2-2:D35N,M2-2:C49F,N:V97I			C5287T,G6770A		T17C,T540C,G545A,C829T,T1990A,C2535T,A2685G,A3525G,A4333G,T4488C,C4867A,G5452A,G6251A,A6608T,T6929C,T6935C,T6941C,G7515A,T7529C,T7534C,A7866G,A7887T,A8150G,A8820G,C8946T,T9046C,T10749C,C11505T,G11584A,G11676A,G12759A,A14793G,A14833G,G15141A	2	0	34	36	1-2,15221-15222			2500	0	good	4	8	0	good	0	150	-14	0	good	36						0		0	0	good		0	0	good	0				
20	51199_2_57|08.03.2025|Switzerland|BL	B.D.E.1.1	-0	0	good	146	2	2	0	1	0	27	0	0	0	45057	1	15222	0.9999343056103008	false	C3G,A276G,G332A,G513T,G579A,C628T,C998A,A1132G,T1333C,G1385A,G1732A,T1846C,A2023G,C2074T,C2198T,A2550G,C2554T,T2595G,C2691T,C2707T,G2977A,C3000T,G3036C,A3060G,C3082T,T3095C,T3096C,G3105A,C3146T,T3158C,C3169T,C3180T,C3306T,A3351T,A3354C,G3438A,A3579G,A3735G,C3903T,G4008A,C4064T,C4102T,C4120T,G4129A,C4243T,G4247A,C4267T,A4405G,C4483T,C4485T,C4490T,C4495T,C4530T,A4531G,C4866T,A4943G,A4969T,A5036G,T5055C,A5119G,C5285T,C5307T,C5323T,C5368T,T5400C,A5413C,T5448C,T5455C,T5468C,C5476T,T5498C,C5530T,G5580A,A5624G,A5825T,C5984T,C6017T,C6026T,T6194A,A6197G,G6244A,G6307A,A6518G,G6638T,C6731T,T6840C,T6896C,T6989C,G7232A,T7376C,C7410T,T7474A,C7604T,T7872C,C8049T,T8124C,T8184C,A8249G,T8259C,G8282A,G8325T,C8470T,T8487C,A8832G,G8886A,G8901A,C9351T,T9384C,T9603C,C9768T,C9771T,T10146A,A10226G,A10286G,T10305C,T10389C,C10665T,T10680C,T11358C,T11541C,T11616C,T11787C,T11901C,T11907C,C11955T,A12183T,T12315C,C12564T,T12609C,T12693C,C12930T,G12984A,G13221A,C13263T,A13419T,A13743G,G13793A,T13821C,G13959T,A14001T,A14343G,C14477T,T14478C,C14503T,C14802T,A15105T	973,4586	15092:AT		F:S190N,F:S211N,F:S389P,G:A74V,G:S100G,G:T131A,G:I137T,G:P214S,G:P221L,G:I252T,G:K256N,G:I268T,G:S275P,G:Y285H,L:K570R,L:N590S,L:R1759K,L:T1987I,M2-2:I2T,M2-2:S24G,M2-2:M27T,M2-2:D35N,M2-2:C49F,N:V97I,NS1:K74E,P:D225N,SH:I49M					C3G,A2023G,C4530T,A8249G,T9384C	0	0	5	5	1			2500	0	good	1	8	0	good	0	150	-45	0	good	5						0		0	0	good		0	0	good	0				
15	51199_2_39|19.02.2025|Switzerland|AG	B.D.E.1	-0	0	good	156	2	6	0	114	0	41	0	0	0	44904	1	15222	0.9925108395743003	false	A16G,A134G,A473G,G513T,G579A,C688T,T707C,G830A,C998A,G1385A,G1732A,T1846C,C2074T,C2198T,A2414G,C2554T,A2645T,A2685T,C2691T,A2928G,T3018A,G3036C,A3060G,C3082T,T3095C,T3096C,C3146T,C3169T,C3180T,A3354C,C3357T,G3438A,A3579G,A3735G,C3903T,G4008A,A4061G,C4064T,G4129A,A4206T,A4390G,C4483T,C4485T,C4490T,G4494A,C4495T,C4866T,A4943G,C4966T,A4969T,A4976G,A4986G,A5007G,A5009G,A5012G,A5017G,A5020G,A5033G,A5035G,A5036G,A5046G,A5047G,T5055C,A5060G,T5062C,T5142A,C5285T,C5307T,T5400C,A5413C,T5438C,T5448C,T5449C,T5454C,T5455C,T5468C,T5494C,T5498C,G5580A,T5591C,A5624G,G5800A,A5825T,A5975G,C6017T,C6026T,A6197G,G6244A,G6307A,C6731T,A6770G,C6779T,T6840C,T6896C,T6989C,G7232A,A7373G,T7376C,C7402T,T7474A,G7574A,A7594G,C7598T,G7634A,T7872C,T8184C,T8259C,G8260A,G8282A,C8318A,G8325T,C8470T,T8487C,G8886A,G8901A,C9351T,T9603C,A9717G,T9723C,C9768T,C9924A,A10226G,T10305C,G10494A,A10677G,G10692A,T10767C,G11139A,G11469A,G11584A,T11616C,T11787C,T11901C,T11907C,C11955T,A12183T,T12315C,C12441T,G12486A,C12564T,T12609C,C12930T,G12984A,T13149C,C13380T,T13596A,T13704C,A13743G,G13793A,T13821C,T13884C,G13959T,G14410A,C14477T,T14478A,C14802T	973,4586	15092:ATATAT		F:R42K,F:S190N,F:S211N,F:S389P,G:A74V,G:S100G,G:I111V,G:N114S,G:N121S,G:T122A,G:K123E,G:T130A,G:T131A,G:K134R,G:I137T,G:T139A,G:F166Y,G:P214S,G:P221L,G:I252T,G:K256N,G:S265P,G:I268T,G:L270P,G:S275P,G:Y285H,L:K570R,L:D1023N,L:R1759K,L:V1965I,L:T1987I,M2-1:R3Q,M2-2:I2T,M2-2:M27T,M2-2:D35N,M2-2:H47N,M2-2:C49F,N:V97I,NS2:E83K,P:K37R,P:E114V					A2414G,A2645T,T3018A,A4390G,A4976G,A4986G,A5007G,A5009G,A5012G,A5017G,A5020G,A5033G,A5035G,A5046G,A5047G,A5060G,T5454C,A7373G,G7634A,C8318A,G11584A,T13884C	0	0	22	22	1-3,15112-15222			2500	0	good	114	8	0	good	0	150	-28	0	good	22						0		0	0	good		0	0	good	0				
21	51199_2_69|24.02.2025|Switzerland|SG	B.D.E.1.1	-0	0	good	151	2	2	0	3	0	29	0	0	0	45035	1	15222	0.9998029168309026	false	C3G,A276G,G332A,G513T,G579A,C628T,C998A,T1303C,T1333C,G1385A,G1732A,T1846C,G1951A,C2074T,G2195A,C2198T,C2554T,C2691T,C2707T,G2977A,C3000T,G3036C,A3060G,C3082T,T3095C,T3096C,G3105A,C3146T,T3158C,C3169T,C3180T,C3237T,C3306T,A3351T,A3354C,G3438A,A3579G,A3735G,C3903T,G4008A,T4043C,T4049C,C4064T,T4066C,C4102T,C4120T,G4129A,C4243T,G4247A,C4267T,A4405G,C4447A,C4483T,C4485T,C4490T,C4495T,A4531G,C4866T,A4943G,A4969T,A5036G,T5055C,A5119G,C5263T,C5285T,C5307T,C5323T,C5368T,T5400C,A5413C,T5448C,T5455C,T5468C,C5476T,T5498C,C5530T,G5580A,A5624G,A5825T,C5984T,C6017T,C6026T,T6194A,A6197G,G6244A,G6307A,A6518G,G6638T,C6731T,T6840C,T6896C,T6989C,G7232A,C7361T,T7376C,C7410T,T7474A,C7604T,T7872C,C8049T,T8124C,T8184C,T8259C,G8282A,G8325T,C8470T,T8487C,A8832G,G8886A,G8901A,C9351T,T9603C,C9768T,T10146A,A10226G,A10286G,T10305C,T10389C,C10665T,T10680C,T11358C,T11541C,T11616C,T11787C,T11901C,T11907C,C11955T,A12183T,T12315C,C12420T,C12564T,T12609C,T12693C,C12930T,G12984A,G13221A,C13263T,A13419T,A13743G,G13793A,T13821C,C13942A,G13959T,A14033G,C14319T,A14343G,C14477T,T14478C,C14503T,C14802T,A15105T	973,4586	15092:AT		F:S190N,F:S211N,F:S389P,G:A74V,G:S100G,G:T131A,G:I137T,G:P214S,G:P221L,G:I252T,G:K256N,G:I268T,G:S275P,G:Y285H,L:K570R,L:N590S,L:R1759K,L:L1809I,L:K1839R,L:T1987I,M2-2:I2T,M2-2:M27T,M2-2:D35N,M2-2:C49F,N:V97I,N:V367I,NS1:K74E,P:D225N,SH:I49M					C3G,T1303C,G1951A,G2195A,C3237T,T4043C,T4049C,T4066C,C4447A,C5263T,C7361T,C12420T,C13942A,A14033G,C14319T	0	0	15	15	1,15221-15222			2500	0	good	3	8	0	good	0	150	-35	0	good	15						0		0	0	good		0	0	good	0				
19	51199_2_46|07.03.2025|Switzerland|BL	B.D.E.1.1	-0	1767.543125	bad	58	0	0	0	8815	5	9	0	0	2562	36619	1	15222	0.4205754828537643	false	T1333C,G1385A,T1846C,A2023G,C2074T,C2198T,A2550G,G2977A,C3000T,G3036C,A3060G,C3082T,T3095C,T3096C,G3105A,C3146T,T3158C,G3438A,A3579G,C4267T,C4866T,T5400C,A5413C,T5448C,T5455C,T5468C,C5476T,T5498C,C5530T,G5580A,A5624G,A5825T,A6518G,G6638T,C6731T,T7376C,C7410T,C7604T,A8832G,G8886A,G8901A,C9768T,C9771T,T10146A,A10226G,A10286G,T10680C,T11541C,T11616C,T11787C,T11901C,T11907C,C12564T,T12609C,T12693C,A13419T,A14343G,C14802T				G:A74V,G:K256N,G:I268T,G:S275P,G:Y285H,L:K570R,L:N590S,N:V97I,P:D225N					A2023G	0	0	1	1	1-651,801-850,866-1158,1372-1377,1438-1442,1594-1717,1731-1736,1925-1937,1944-1948,1952-1958,2006-2022,2244-2488,2499-2500,2553-2878,3160-3235,3264-3388,3520-3524,3676-4260,4284-4299,4400-4681,4719-4726,4879-5399,5633,5876-6319,6326-6333,6426-6470,6821-7117,7137-7338,7443-7590,7835-8331,8367-8410,8467-8762,8783-8788,8970-9150,9168-9762,9804-9815,9850-9893,10056-10072,10297-10412,10657-10665,10955-10966,11004-11108,11260-11478,11637-11709,11733-11755,11865-11887,11926-12380,12756-13087,13187-13415,13536-13537,13542-14075,14467-14555,14828-14853,14860-15222	NS1:1-140,NS2:1-23,NS2:73-89,NS2:95-125,N:1-21,N:93-94,N:114-116,N:167-207,N:212-214,N:277-281,N:283-284,N:286-288,N:304-309,N:383-392,P:1-62,P:66,P:84-192,M:1-6,M:16-57,M:101-102,M:153-257,SH:1,SH:9-14,SH:48-66,G:1-12,G:25-27,G:79-252,F:68-215,F:217-220,F:250-265,F:382-481,F:488-555,M2-1:70-196,M2-2:1-51,M2-2:63-77,L:1-82,L:89-91,L:152-211,L:217-415,L:429-433,L:445-459,L:513-519,L:594-632,L:693,L:714-716,L:813-817,L:829-864,L:915-987,L:1040-1064,L:1072-1080,L:1117-1124,L:1137-1288,L:1413-1524,L:1557-1633,L:1635,L:1674-1853,L:1984-2013,L:2104-2112,L:2115-2167	R:1339,M:2243,M:6425,R:10595,M:13422	2500	415.750000	bad	8815	8	62.500000	mediocre	5	150	-49	0	good	1						0		0	0	good		0	0	good	0				
17	51199_2_44|09.03.2025|Switzerland|BL	B.D.E.1.1	-0	0	good	146	2	2	0	1	0	27	0	0	0	45057	1	15222	0.9999343056103008	false	C3G,A276G,G332A,G513T,G579A,C628T,C998A,A1132G,T1333C,G1385A,G1732A,T1846C,A2023G,C2074T,C2198T,A2550G,C2554T,T2595G,C2691T,C2707T,G2977A,C3000T,G3036C,A3060G,C3082T,T3095C,T3096C,G3105A,C3146T,T3158C,C3169T,C3180T,C3306T,A3351T,A3354C,G3438A,A3579G,A3735G,C3903T,G4008A,C4064T,C4102T,C4120T,G4129A,C4243T,G4247A,C4267T,A4405G,C4483T,C4485T,C4490T,C4495T,C4530T,A4531G,C4866T,A4943G,A4969T,A5036G,T5055C,A5119G,C5285T,C5307T,C5323T,C5368T,T5400C,A5413C,T5448C,T5455C,T5468C,C5476T,T5498C,C5530T,G5580A,A5624G,A5825T,C5984T,C6017T,C6026T,T6194A,A6197G,G6244A,G6307A,A6518G,G6638T,C6731T,T6840C,T6896C,T6989C,G7232A,T7376C,C7410T,T7474A,C7604T,T7872C,C8049T,T8124C,T8184C,A8249G,T8259C,G8282A,G8325T,C8470T,T8487C,A8832G,G8886A,G8901A,C9351T,T9384C,T9603C,C9768T,C9771T,T10146A,A10226G,A10286G,T10305C,T10389C,C10665T,T10680C,T11358C,T11541C,T11616C,T11787C,T11901C,T11907C,C11955T,A12183T,T12315C,C12564T,T12609C,T12693C,C12930T,G12984A,G13221A,C13263T,A13419T,A13743G,G13793A,T13821C,G13959T,A14001T,A14343G,C14477T,T14478C,C14503T,C14802T,A15105T	973,4586	15092:AT		F:S190N,F:S211N,F:S389P,G:A74V,G:S100G,G:T131A,G:I137T,G:P214S,G:P221L,G:I252T,G:K256N,G:I268T,G:S275P,G:Y285H,L:K570R,L:N590S,L:R1759K,L:T1987I,M2-2:I2T,M2-2:S24G,M2-2:M27T,M2-2:D35N,M2-2:C49F,N:V97I,NS1:K74E,P:D225N,SH:I49M					C3G,A2023G,C4530T,A8249G,T9384C	0	0	5	5	1			2500	0	good	1	8	0	good	0	150	-45	0	good	5						0		0	0	good		0	0	good	0				
22	51199_2_86|27.02.2025|Switzerland|VD	B.D.E.1.1	-0	0	good	149	2	2	0	1	0	28	0	0	0	45045	1	15222	0.9999343056103008	false	C3G,A276G,G332A,G513T,G579A,C628T,C998A,T1303C,T1333C,G1385A,G1732A,T1846C,G1951A,C2074T,C2198T,C2554T,C2691T,C2707T,G2977A,C3000T,G3036C,A3060G,C3082T,T3095C,T3096C,G3105A,T3158C,C3169T,C3180T,C3237T,C3306T,A3351T,A3354C,G3438A,A3579G,A3735G,C3903T,G4008A,T4043C,T4049C,C4064T,T4066C,C4102T,C4120T,G4129A,C4243T,G4247A,C4267T,A4405G,C4447A,C4483T,C4485T,C4490T,C4495T,A4531G,G4609A,C4866T,A4943G,A4969T,A5036G,T5055C,A5119G,C5285T,C5307T,C5323T,C5368T,T5400C,A5413C,T5448C,T5455C,T5468C,C5476T,T5498C,C5530T,G5580A,A5624G,A5825T,C5984T,C6017T,C6026T,T6194A,A6197G,G6244A,G6307A,A6518G,G6638T,C6731T,T6840C,T6896C,T6989C,G7232A,C7361T,T7376C,C7410T,T7474A,C7604T,T7872C,C8049T,T8124C,T8184C,T8259C,G8282A,G8325T,C8470T,T8487C,A8832G,G8886A,G8901A,C9351T,T9603C,C9768T,T10146A,A10226G,A10286G,T10305C,T10389C,C10665T,T10680C,T11358C,T11541C,T11616C,T11787C,T11901C,T11907C,C11955T,A12183T,T12315C,C12420T,C12564T,T12609C,T12693C,C12930T,G12984A,G13221A,C13263T,A13419T,A13743G,G13793A,T13821C,C13942A,G13959T,A14033G,C14319T,A14343G,C14477T,T14478C,C14503T,C14802T,A15105T	973,4586	15092:AT		F:S190N,F:S211N,F:S389P,G:A74V,G:S100G,G:T131A,G:I137T,G:P214S,G:P221L,G:I252T,G:K256N,G:I268T,G:S275P,G:Y285H,L:K570R,L:N590S,L:R1759K,L:L1809I,L:K1839R,L:T1987I,M2-2:I2T,M2-2:M27T,M2-2:D35N,M2-2:C49F,N:V97I,NS1:K74E,P:D225N,SH:I49M			T3146C		C3G,T1303C,G1951A,C3237T,T4043C,T4049C,T4066C,C4447A,G4609A,C7361T,C12420T,C13942A,A14033G,C14319T	1	0	14	15	1			2500	0	good	1	8	0	good	0	150	-35	0	good	15						0		0	0	good		0	0	good	0				
24	51607_1_11|01.04.2025|Switzerland|AG	B.D.E.1	-0	0	good	141	2	5	0	1	0	28	0	0	0	45071	1	15222	0.9999343056103008	false	C3G,C116T,C212T,A261G,G513T,C564T,G579A,A823G,G830A,A843C,C998A,A1016G,T1273C,G1385A,T1396C,C1429T,G1732A,T1846C,C2074T,A2089G,C2198T,A2254C,C2554T,C2691T,T3027C,G3036C,A3060G,C3082T,T3095C,T3096C,A3136G,C3146T,C3147T,C3169T,C3180T,A3354T,G3438A,A3579G,A3735G,C3903T,T3939C,G4008A,T4026C,T4049C,T4058C,C4064T,G4129A,T4192C,C4483T,C4485T,C4490T,C4495T,G4533A,C4866T,A4943G,A4969T,C5016T,A5036G,T5055C,A5188G,C5285T,C5307T,A5313G,T5400C,A5413C,T5448C,T5455C,T5468C,C5476T,T5498C,C5530T,G5580A,A5624G,G5631A,C5774T,A5825T,C6017T,C6026T,T6194A,A6197G,G6244A,G6305A,G6307A,G6638T,C6731T,T6840C,T6896C,T6989C,G7232A,T7376C,C7443T,T7474A,T7851C,T7872C,T8184C,G8282A,G8325T,C8470T,T8487C,C8492T,C8655T,C8676T,A8769G,G8886A,G8901A,C9351T,T9603C,C9768T,A10226G,T10305C,C10461T,C10510T,A10539G,T10680C,G11118A,C11178T,C11341A,T11616C,T11787C,T11799G,G11808A,T11907C,C11955T,A12183T,T12315C,C12564T,T12609C,A12799G,C12930T,G12984A,A13419G,A13743G,C13779A,G13793A,T13821C,G13959T,T14061C,A14097G,C14477T,T14478C,C14802T	973,4586	2284:A,15092:ATAT		F:S190N,F:S211N,F:S389P,G:A74V,G:S100G,G:S124L,G:T131A,G:I137T,G:P214S,G:P221L,G:K223R,G:I252T,G:K256N,G:I268T,G:S275P,G:Y285H,L:K570R,L:T1428A,L:R1759K,L:T1987I,M2-2:I2T,M2-2:D35N,M2-2:C49F,N:V97I,N:E386D,NS1:N69D,NS2:E83K,NS2:K87T			C8259T,C11901T		C116T,C212T,C564T,A823G,G830A,A843C,A1016G,T1396C,C1429T,A3136G,C3147T,T4026C,T4192C,G4533A,C5016T,A5188G,A5313G,G5631A,C5774T,G6305A,C7443T,T7851C,C8492T,C8655T,C8676T,A8769G,C10510T,A10539G,G11118A,C11178T,C11341A,T11799G,A12799G,C13779A,T14061C,A14097G	2	0	36	38	1			2500	0	good	1	8	0	good	0	150	-12	0	good	38						0		0	0	good		0	0	good	0				
28	51607_1_53|19.03.2025|Switzerland|GR	B.D.E.1	-0	0.040000	good	151	2	4	0	0	0	28	0	0	0	45038	1	15222	1	false	C3G,G513T,G579A,C598T,T996C,T997C,C998A,G1385A,G1732A,T1846C,C2074T,C2198T,C2554T,C2691T,A2778G,T2784C,C2950T,T3027C,G3036C,A3060G,A3081C,C3082T,T3095C,T3096C,C3146T,C3169T,C3180T,C3306T,A3354C,G3438A,T3474C,T3477C,T3567C,A3579G,A3735G,T3823C,C3903T,G4008A,C4064T,C4077T,A4084G,T4118C,G4129A,C4483T,C4485T,C4490T,C4513T,A4531G,G4533A,C4627A,A4720T,G4850A,C4866T,C4867T,A4943G,A4969T,A5036G,T5055C,A5119G,C5170T,A5203T,A5227T,C5285T,T5287C,C5307T,T5326C,T5400C,A5410G,A5413C,T5448C,C5451T,T5455C,T5468C,C5476T,T5498C,C5524T,C5530T,G5580A,A5624G,C5685T,A5825T,G5957A,C5984T,C6017T,C6026T,C6170T,T6194A,A6197G,G6244A,G6307A,A6518G,G6638T,C6731T,T6840C,T6896C,C6903T,T6989C,G7232A,C7337A,A7343T,T7376C,T7474A,G7731A,T7872C,A8133G,T8184C,T8259C,G8282A,G8325T,C8470T,T8472C,T8487C,T8528G,G8886A,G8901A,A9285G,G9288A,C9351T,C9507T,T9603C,C9768T,T10092C,A10226G,T10305C,T10425C,T10680C,T11541C,T11616C,T11715C,T11787C,T11901C,T11907C,C11955T,G11985A,G12009A,A12183T,T12315C,C12564T,T12609C,C12930T,G12984A,C13380T,A13743G,G13793A,T13821C,G13959T,C14091T,T14307C,C14477T,T14478C,C14802T	973,4586	15092:ATAT		F:S190N,F:S211N,F:S389P,F:N554K,G:V69I,G:A74V,G:S100G,G:T131A,G:I137T,G:K194N,G:P214S,G:P221L,G:I252T,G:K256N,G:I268T,G:A269V,G:S275P,G:Y285H,L:I4S,L:K570R,L:R1759K,L:T1987I,M2-2:I2T,M2-2:M27T,M2-2:D35N,M2-2:C49F,N:V97I,P:L216F			A1G,T4495C		C598T,T996C,T997C,A2778G,T2784C,C2950T,T3027C,A3081C,T3474C,T3477C,T3567C,T3823C,C4077T,A4084G,T4118C,C4513T,G4533A,C4627A,A4720T,G4850A,C4867T,C5170T,A5203T,A5227T,T5287C,T5326C,A5410G,C5451T,C5524T,C5685T,G5957A,C6170T,C6903T,C7337A,A7343T,G7731A,A8133G,T8472C,T8528G,A9285G,G9288A,C9507T,T10092C,T10425C,T11541C,T11715C,G11985A,G12009A,C13380T,C14091T,T14307C	2	0	51	53				2500	0	good	0	8	0	good	0	150	3	2	good	53						0		0	0	good		0	0	good	0				
27	51607_1_3|21.03.2025|Switzerland|GR	B.D.E.1	-0	0	good	151	2	4	0	4	0	33	0	0	0	45034	1	15222	0.9997372224412036	false	C3G,A338G,G513T,G579A,C598T,C739T,T997C,C998A,G1061A,G1138A,T1177C,G1385A,G1417A,T1582C,T1723C,G1732A,T1846C,C2074T,C2198T,T2257A,C2554T,C2691T,C2821T,C2913T,G3036C,A3060G,C3082T,T3095C,T3096C,C3146T,C3169T,C3180T,A3354C,G3438A,A3579G,A3735G,C3903T,A4041G,C4064T,G4129A,A4258T,T4470C,C4483T,C4485T,C4490T,C4495T,T4503C,T4518C,A4539G,C4866T,A4943G,C4951T,A4969T,C5034T,A5036G,T5055C,G5211A,C5285T,T5287C,T5295C,C5307T,G5396A,T5400C,A5413C,T5448C,G5452A,T5455C,T5468C,C5476T,T5498C,C5509T,A5566T,G5580A,A5624G,A5825T,C6017T,C6026T,T6194A,A6197G,G6244A,G6307A,G6638T,C6731T,A6809G,T6840C,T6896C,T6989C,G7232A,C7277T,T7376C,A7401G,T7462C,T7474A,T7475C,G7515A,T7517C,C7593T,T7872C,T8184C,T8259C,G8282A,G8325T,C8470T,T8487C,G8886A,G8901A,A8962C,T9046A,G9192A,T9212C,C9351T,G9420A,A9483G,T9603C,C9768T,A10226G,T10305C,T10629C,T10680C,G11439A,T11616C,T11787C,G11808A,T11835C,T11901C,T11907C,C11955T,C12159T,A12183T,T12189C,T12315C,C12564T,T12609C,C12930T,G12984A,C13230T,C13380T,A13743G,G13764A,G13793A,C13815T,T13821C,G13959T,A14104T,C14477T,T14478C,A14565G,T14616C,C14802T,C14817T,C15199T	973,4586	15092:ATAT		F:S190N,F:S211N,F:S389P,G:A74V,G:S100G,G:T130I,G:T131A,G:I137T,G:S189N,G:P214S,G:L217P,G:P221L,G:D251N,G:I252T,G:K256N,G:I268T,G:S275P,G:Y285H,L:N149H,L:Y177N,L:I232T,L:K570R,L:M1749I,L:R1759K,L:T1863S,L:T1987I,L:I2016M,M2-2:I2T,M2-2:M27T,M2-2:D35N,M2-2:C49F,N:V97I,N:D387E			A4008G,T5530C,C5576T		A338G,C598T,C739T,T997C,G1061A,G1417A,T1582C,T4503C,T4518C,C4951T,C5034T,G5211A,T5295C,C5509T,C5566T,A6809G,C7277T,T7462C,T7475C,G7515A,T7517C,C7593T,G9192A,T9212C,T10629C,T11835C,C12159T,T12189C,C13230T,G13764A,A14104T,C15199T	3	0	32	35	1-2,15221-15222			2500	0	good	4	8	0	good	0	150	-15	0	good	35						0		0	0	good		0	0	good	0				
23	51607_1_10|04.04.2025|Switzerland|VS	B.D.E.1	-0	21.902400	good	117	2	0	0	1436	0	23	0	0	338	43744	1	15222	0.9056628563920641	false	A134G,A473G,G513T,G579A,C688T,T707C,G830A,C998A,G1385A,G1732A,T1846C,C2074T,C2198T,C2554T,A2685T,C2691T,A2928G,G3036C,A3060G,C3082T,T3095C,T3096C,C3146T,C3169T,C3180T,A3354C,C3357T,G3438A,A3579G,A3735G,C3903T,G4008A,A4061G,C4064T,G4129A,C4866T,A4943G,C4966T,A4969T,A5036G,T5142A,T5400C,A5413C,T5438C,T5448C,T5449C,T5455C,T5468C,T5494C,T5498C,G5580A,T5591C,A5624G,G5800A,A5825T,A5975G,C6017T,C6026T,A6197G,G6244A,G6307A,C6731T,A6770G,C6779T,T6840C,T6896C,G7232A,T7376C,C7402T,T7474A,G7574A,A7594G,C7598T,T7872C,T8184C,T8259C,G8260A,G8325T,G8886A,G8901A,A9717G,C9768T,C9924A,A10226G,T10305C,G10494A,A10677G,G10692A,T10767C,G11139A,G11469A,T11616C,T11787C,T11901C,T11907C,C11955T,A12135G,A12183T,T12315C,C12441T,G12486A,C12564T,T12609C,C12930T,G12984A,T13149C,C13380T,T13596A,G13793A,T13821C,G13929A,G13959T,C14142T,G14410A,C14477T,T14478A,C14802T	973,4586			F:R42K,F:S190N,F:S211N,F:S389P,G:A74V,G:S100G,G:T131A,G:F166Y,G:I252T,G:K256N,G:S265P,G:I268T,G:S275P,G:Y285H,L:K570R,L:R1759K,L:V1965I,L:T1987I,M2-2:I2T,M2-2:M27T,M2-2:C49F,N:V97I,NS2:E83K					G10494A,A12135G,G13929A,C14142T	0	0	4	4	1-24,1029,4136-4139,4146-4208,4216-4217,4460-4576,4979-5025,5038-5073,5208,5223-5398,5420,5738,5966-5973,6284-6293,6965-7066,8267-8322,8398-8528,9258-9607,9640-9662,10263-10288,13656-13743,15054-15222	G:112-127,G:132-143,G:188,G:193-251,G:259,F:21,F:97-100,F:203-206,F:431-464,M2-2:30-48,M2-2:74-91,L:1-4,L:247-364,L:375-382,L:583-591,L:1713-1742		2500	46.800000	mediocre	1436	8	0	good	0	150	-46	0	good	4						0		0	0	good		0	0	good	0				
26	51607_1_20|24.04.2025|Switzerland|BS	B.D.E.1	-0	0	good	155	2	4	0	1	0	31	0	0	0	45021	1	15222	0.9999343056103008	false	C3G,A16G,A134G,G513T,G579A,T660C,C688T,C998A,A1132G,G1385A,G1732A,T1846C,T1990C,C2074T,T2107C,C2146T,C2198T,C2554T,T2631C,A2643G,A2928G,G3036C,A3060G,C3082T,T3095C,T3096C,C3135T,C3146T,C3169T,C3180T,A3354C,T3408C,T3423C,G3438A,A3579G,A3735G,C3903T,G4008A,A4061G,C4064T,G4123T,G4129A,C4414T,C4450T,C4483T,C4485T,C4490T,G4494A,C4495T,G4572A,C4866T,A4943G,C4966T,A4969T,T5008C,A5036G,T5055C,T5062C,C5235A,T5260C,C5285T,T5287C,C5307T,T5400C,A5413C,T5438C,T5448C,T5449C,G5450A,T5455C,T5468C,T5494C,T5498C,G5580A,A5624G,T5656C,G5800A,A5825T,A5975G,G5993A,C6017T,T6035C,T6041C,A6197G,G6244A,G6307A,C6679T,C6731T,A6770G,T6840C,T6896C,T6989C,C7202T,G7232A,T7376C,C7402T,T7474A,G7574A,C7598T,T7872C,T8184C,T8259C,G8282A,G8325T,A8452G,C8470T,T8487C,G8827A,G8886A,G8901A,C8966T,C9351T,T9384C,T9603C,A9717G,T9732A,C9768T,T10072C,A10226G,A10242G,T10305C,T10419C,A10677G,G10692A,T10767C,G11139A,C11409T,T11424C,G11469A,T11616C,T11787C,T11901C,T11907C,C11955T,G12027A,A12183T,T12315C,A12483G,G12486A,C12564T,T12609C,C12930T,G12984A,T13149C,C13380T,T13596A,A13743G,G13793A,T13821C,G13959T,G14410A,C14477T,T14478A,C14802T,T15069C	973,4586	15092:ATAT		F:R42K,F:S190N,F:S211N,F:T335I,F:S389P,G:A74V,G:S100G,G:T131A,G:I137T,G:T197N,G:P214S,G:P221L,G:I252T,G:K256N,G:S265P,G:I268T,G:A269T,G:S275P,G:Y285H,L:A104T,L:S150L,L:K570R,L:R1759K,L:V1965I,L:T1987I,M2-2:I2T,M2-2:M27T,M2-2:D35N,M2-2:C49F,N:V97I,NS2:I26T			T5530C,T6026C		T660C,A1132G,T1990C,T2107C,C2146T,T2631C,A2643G,C3135T,T3408C,T3423C,G4123T,C4414T,C4450T,G4572A,C5235A,T5260C,G5450A,T5656C,G5993A,T6035C,T6041C,C6679T,C7202T,A8452G,G8827A,C8966T,T9384C,T9732A,A10242G,T10419C,C11409T,T11424C,T15069C	2	0	33	35	1			2500	0	good	1	8	0	good	0	150	-15	0	good	35						0		0	0	good		0	0	good	0				
29	51607_1_8|01.04.2025|Switzerland|BS	B.D.E.1	-0	0	good	149	2	4	0	7	0	30	0	0	0	45039	1	15222	0.9995401392721062	false	G513T,G579A,C604T,A633G,C998A,C1312T,G1385A,T1723C,G1732A,T1846C,C2074T,C2198T,C2554T,A2649G,C2691T,A2745G,C2913T,G3036C,A3060G,C3082T,T3095C,T3096C,T3104C,G3105A,C3169T,A3182G,A3354C,A3396G,G3438A,A3579G,C3732T,A3735G,C3903T,G4008A,A4041G,C4064T,C4092T,G4129A,A4348G,C4483T,C4485T,C4490T,C4495T,C4591T,G4769A,C4866T,A4943G,A4969T,C5031T,A5036G,T5055C,T5176C,C5285T,T5287C,C5307T,T5400C,A5413C,T5448C,T5455C,T5468C,C5476T,T5498C,C5530T,C5565T,G5580A,A5624G,A5825T,G5979A,C6017T,C6026T,T6194A,A6197G,G6244A,G6307A,C6320T,C6425T,C6539A,G6638T,C6647T,C6731T,T6840C,T6896C,T6989C,G7232A,T7376C,T7379C,T7382C,T7422C,C7424T,T7445C,T7474A,T7872C,T8184C,T8259C,G8282A,G8325C,T8327C,C8470T,T8472C,T8474C,T8487C,T8507C,G8886A,G8901A,G8953A,A8962C,T9243C,C9351T,G9420A,A9483G,T9603C,C9768T,A10226G,A10281G,T10305C,G10392A,T10680C,A11613T,T11616C,T11787C,G11808A,A11862G,T11901C,T11907C,C11955T,A12183T,T12315C,C12564T,T12609C,C12930T,G12984A,T13044C,C13380T,A13650G,A13743G,G13793A,C13815T,T13821C,C13899T,G13959T,A14397G,C14477T,T14478C,C14535T,A14565G,G14730A,C14802T,C14817T,T15101C	973,4586	15088:GTAT		F:A102T,F:S190N,F:S211N,F:S389P,G:A42T,G:A74V,G:S100G,G:T129I,G:T131A,G:I137T,G:P214S,G:P221L,G:I252T,G:K256N,G:I268T,G:S275P,G:Y285H,G:S307L,L:G146S,L:N149H,L:K570R,L:R1759K,L:T1987I,L:I2016M,M2-2:I2T,M2-2:M27T,M2-2:D35N,M2-2:C49S,N:V97I,NS2:D17G			T3146C,T3180C		C604T,A633G,C1312T,A2649G,T3104C,G3105A,A3182G,A3396G,C3732T,A4348G,C4591T,G4769A,C5031T,T5176C,T5287C,C5565T,G5979A,C6320T,C6425T,C6539A,C6647T,T7379C,T7382C,T7422C,C7424T,T7445C,T8325C,T8327C,T8472C,T8474C,T8507C,G8953A,T9243C,A10281G,G10392A,A11613T,A11862G,T13044C,A13650G,C13899T,G14730A,T15101C	2	0	42	44	1-3,15219-15222			2500	0	good	7	8	0	good	0	150	-6	0	good	44						0		0	0	good		0	0	good	0				
25	51607_1_15|22.04.2025|Switzerland|AG	B.D.E.1	-0	0	good	139	3	5	0	1	0	29	0	0	0	45070	1	15222	0.9999343056103008	false	C3G,A49T,T281C,G513T,G579A,T960C,C998A,C1000T,G1385A,G1732A,T1846C,T2062C,C2074T,C2198T,T2346C,C2554T,G2604A,C2691T,A2841G,A2853G,A2856G,A2919G,G3036C,C3058A,A3060G,C3082T,T3095C,T3096C,C3146T,C3169T,C3180T,A3354C,G3438A,A3579G,A3735G,C3789T,C3903T,G4008A,C4064T,C4087T,G4129A,C4135T,T4404C,C4483T,C4485T,C4490T,C4495T,T4781C,C4866T,A4880G,A4943G,A4969T,C4971T,A5036G,T5055C,T5194C,T5236C,C5285T,T5287C,C5307T,A5352G,T5356C,T5400C,A5413C,T5448C,C5453T,T5455C,T5468C,C5476T,T5498C,G5580A,C5584T,A5624G,A5825T,C6017T,C6026T,A6083G,T6194A,A6197G,G6244A,G6307A,G6638T,C6731T,T6840C,T6896C,T6935C,T6989C,G7232A,T7310C,T7376C,T7474A,T7872C,T8184C,T8259C,A8267G,G8282A,G8325T,C8470T,T8487C,G8886A,C8892T,G8901A,C9351T,G9444T,T9603C,C9768T,C10080T,A10226G,T10239G,T10305C,T10680C,T11616C,T11727C,T11787C,G11808A,T11901C,T11907C,C11955T,A12084G,A12183T,G12192A,T12315C,C12564T,T12609C,C12930T,G12984A,T13152C,A13743G,G13793A,T13821C,G13959T,T14121C,T14376C,C14477T,T14478C,T14764C,C14802T,C14817T,G15162A	973,3201,4586	2284:A,15092:ATAT		F:S190N,F:S211N,F:S389P,G:A74V,G:I79V,G:S100G,G:P109L,G:T131A,G:I137T,G:P214S,G:P221L,G:K236R,G:I252T,G:K256N,G:I268T,G:L270F,G:S275P,G:Y285H,L:K570R,L:M1225I,L:R1759K,L:T1987I,M2-2:I2T,M2-2:M27T,M2-2:T30A,M2-2:D35N,M2-2:C49F,N:V97I,SH:I49T					A49T,T281C,T960C,C1000T,T2062C,T2346C,G2604A,C3789T,C4135T,A4880G,C4971T,T5236C,A5352G,C5453T,C5584T,A6083G,T6935C,A8267G,G9444T,T11727C,G12192A,T14764C	0	0	22	22	1			2500	0	good	1	8	0	good	0	150	-27	0	good	23						0		0	0	good		0	0	good	0				
31	51607_2_22|26.03.2025|Switzerland|SG	B.D.E.1	-0	1.562500	good	146	2	2	0	1	1	27	0	0	0	45057	1	15222	0.9998686112206018	false	C3G,A16G,A134G,G513T,G579A,T660C,C688T,C998A,G1138A,G1385A,G1732A,T1846C,C2074T,C2198T,C2433T,C2554T,G3036C,A3045G,A3060G,A3065G,C3078T,C3082T,T3095C,T3096C,C3146T,C3169T,C3180T,A3354C,G3411A,G3438A,A3579G,A3663G,A3735G,C3903T,G4008A,A4061G,C4064T,C4075T,G4129A,C4483T,C4485T,C4490T,G4494A,C4495T,C4866T,A4943G,C4966T,A4969T,T5008C,A5036G,T5055C,T5059A,T5062C,C5285T,C5307T,T5400C,A5413C,T5438C,C5446T,T5448C,T5449C,T5455C,T5468C,T5494C,T5498C,C5530T,G5580A,A5624G,C5637T,G5800A,A5825T,A5975G,C6017T,C6026T,A6197G,G6244A,G6263A,G6307A,C6731T,A6770G,T6782C,T6840C,T6896C,T6989C,G7232A,T7376C,C7402T,T7474A,G7574A,C7598T,T7872C,C8061T,T8184C,T8259C,G8282A,G8325T,C8470T,T8487C,G8886A,G8901A,C8939T,C9351T,T9603C,A9717G,C9768T,T10072C,A10226G,T10305C,T10419C,A10677G,G10692A,T10767C,A10812G,G11139A,T11421A,T11451C,G11469A,T11616C,T11787C,T11901C,T11907C,C11955T,G12027A,A12183T,T12315C,A12483G,G12486A,C12564T,T12609C,C12930T,G12984A,T13149C,C13380T,T13596A,A13743G,G13793A,T13821C,G13959T,T13995C,A14154G,G14410A,C14477T,T14478A,C14802T,C15045T,A15183G	973,4586	15092:AT		F:R42K,F:S190N,F:S211N,F:S389P,G:A74V,G:S100G,G:T131A,G:I137T,G:P214S,G:P221L,G:I252T,G:K256N,G:S265P,G:I268T,G:S275P,G:Y285H,L:P141L,L:K570R,L:R1759K,L:V1965I,L:T1987I,M2-2:I2T,M2-2:M27T,M2-2:D35N,M2-2:C49F,N:V97I,NS2:I26T			G2928A		T660C,G1138A,C2433T,A3045G,A3065G,C3078T,G3411A,A3663G,C4075T,T5059A,C5637T,G6263A,T6782C,C8061T,C8939T,T10419C,A10812G,T11421A,T11451C,T13995C,A14154G,C15045T,A15183G	1	0	23	24	1		R:332	2500	0	good	1	8	12.500000	good	1	150	-26	0	good	24						0		0	0	good		0	0	good	0				
33	51607_2_4|12.03.2025|Switzerland|BL	B.D.E.1.1	-0	0	good	147	2	2	0	8	0	27	0	0	0	45046	1	15222	0.999474444882407	false	C3G,A276G,G332A,G513T,G579A,C628T,C998A,A1132G,T1333C,G1385A,G1732A,T1846C,A2023G,C2074T,C2198T,A2550G,C2554T,T2595G,C2691T,C2707T,G2977A,C3000T,G3036C,A3060G,C3082T,T3095C,T3096C,G3105A,C3146T,T3158C,C3169T,C3180T,C3306T,A3351T,A3354C,G3438A,A3579G,A3735G,C3903T,G4008A,C4064T,C4102T,C4120T,G4129A,C4243T,G4247A,C4267T,A4405G,C4483T,C4485T,C4490T,C4495T,C4530T,A4531G,C4866T,A4943G,A4969T,A5036G,T5055C,A5119G,C5285T,C5307T,C5323T,C5368T,T5400C,A5413C,T5448C,T5455C,T5468C,C5476T,T5498C,C5530T,G5580A,A5624G,A5825T,C5984T,C6017T,C6026T,C6065T,T6194A,A6197G,G6244A,G6307A,A6518G,G6638T,C6731T,T6840C,T6896C,T6989C,G7232A,T7376C,C7410T,T7474A,C7604T,T7872C,C8049T,T8124C,T8184C,A8249G,T8259C,G8282A,G8325T,C8470T,T8487C,A8832G,G8886A,G8901A,C9351T,T9384C,T9603C,C9768T,C9771T,T10146A,A10226G,A10286G,T10305C,T10389C,C10665T,T10680C,T11358C,T11541C,T11616C,T11787C,T11901C,T11907C,C11955T,A12183T,T12315C,C12564T,T12609C,T12693C,C12930T,G12984A,G13221A,C13263T,A13419T,A13743G,G13793A,T13821C,G13959T,A14001T,A14343G,C14477T,T14478C,C14503T,C14802T,A15105T	973,4586	15092:AT		F:S190N,F:S211N,F:S389P,G:A74V,G:S100G,G:T131A,G:I137T,G:P214S,G:P221L,G:I252T,G:K256N,G:I268T,G:S275P,G:Y285H,L:K570R,L:N590S,L:R1759K,L:T1987I,M2-2:I2T,M2-2:S24G,M2-2:M27T,M2-2:D35N,M2-2:C49F,N:V97I,NS1:K74E,P:D225N,SH:I49M					C3G,A2023G,C4530T,C6065T,A8249G,T9384C	0	0	6	6	1-2,15217-15222			2500	0	good	8	8	0	good	0	150	-44	0	good	6						0		0	0	good		0	0	good	0				
34	51607_2_6|10.03.2025|Switzerland|BL	B.D.E.1	-0	1.562500	good	154	2	4	0	1	1	30	0	0	0	45025	1	15222	0.9998686112206018	false	G513T,A542G,G579A,T718C,C998A,C1226T,G1385A,G1567A,G1732A,T1846C,C2074T,C2198T,G2385A,C2554T,C2691T,T2781C,T2784C,G3036C,C3042T,A3060G,C3082T,T3095C,A3106C,C3139T,C3146T,C3169T,C3180T,A3354C,G3438A,A3579G,A3735G,A3849G,C3903T,G3918A,G4008A,C4064T,G4129A,T4199C,C4483T,C4485T,C4490T,C4495T,C4669A,G4673T,C4815T,A4849G,C4866T,A4943G,A4969T,T5008C,A5020C,A5036G,G5049A,T5055C,A5234G,C5285T,C5307T,T5326C,T5400C,A5413C,T5448C,T5455C,T5468C,C5476T,T5498C,C5500A,C5530T,G5580A,A5624G,G5631A,G5651A,G5768A,A5825T,C6017T,C6026T,C6176T,T6194A,A6197G,C6216T,G6244A,T6282C,G6307A,G6638T,T6707C,C6725T,C6731T,T6821C,T6840C,T6896C,T6989C,T6992C,C7106T,G7232A,C7325T,T7376C,T7420C,T7474A,A7638G,T7872C,T7974C,A8150G,T8184C,T8259C,G8282A,G8325T,C8470T,C8480T,T8487C,T8817G,G8886A,G8901A,A9177G,C9351T,G9420A,T9603C,A9633G,C9768T,C9945T,A10226G,T10305C,A10446T,T10575C,T10680C,A10695G,C11332T,C11430T,G11436A,C11673T,T11787C,G11808A,T11901C,T11907C,C11955T,C12014T,T12033C,A12183T,T12315C,C12564T,T12609C,C12928A,C12930T,T12978C,G12984A,A13272G,G13793A,T13821C,C13902T,G13959T,T14088C,C14477T,T14478C,T14772C,C14802T,C15057T	973,4586	15092:ATAT		F:S190N,F:S211N,F:S389P,G:A10S,G:A57V,G:A74V,G:S100G,G:E125D,G:T131A,G:G135D,G:I137T,G:T197A,G:P214S,G:P221L,G:I252T,G:K256N,G:I268T,G:S275P,G:Y285Q,L:K570R,L:T1166I,L:H1471N,L:R1759K,L:T1987I,M2-1:N175S,M2-2:I2T,M2-2:M27T,M2-2:D35N,M2-2:C49F,N:V97I					T718C,C1226T,C3139T,T4199C,A4849G,T5008C,A5020C,G5049A,A5234G,G5631A,G5651A,C6725T,C7106T,A9177G,C12014T,C12928A,T12978C	0	0	17	17	1		S:3	2500	0	good	1	8	12.500000	good	1	150	-33	0	good	17						0		0	0	good		0	0	good	0				
30	51607_2_20|25.03.2025|Switzerland|VD	B.D.E.1.2	-0	15.800625	good	135	2	0	0	1295	0	28	0	0	314	43813	1	15222	0.91492576533964	false	G513T,G579A,C582T,C583T,G599A,G1028A,G1385A,G1531A,G1732A,G1768A,T1846C,C2074T,C2198T,C2554T,C2691T,G2977A,G3036C,A3060G,C3067T,C3082T,C3135T,C3146T,A3164G,C3169T,A3579G,C3618T,C3633T,A3735G,T3738C,C3903T,A3969G,G4008A,C4064T,T4109C,G4129A,T4132C,T4141C,T4146C,G4149A,T4237C,T4254C,T4255C,T4345C,T4588C,A4601G,T4699C,T4851C,C4866T,G4897A,A4943G,A4969T,G4991A,A5036G,T5055C,T5215C,C5285T,C5307T,C5377T,T5400C,C5406T,T5448C,C5451T,T5455C,T5468C,T5498C,T5501A,C5530T,G5580A,A5620C,A5624G,C5637T,C5661T,T5709A,A5825T,C6017T,C6026T,A6197G,G6244A,G6307A,A6713T,C6731T,T6840C,T6896C,T6989C,G7232A,T7268C,T7376C,C7402T,C7435T,T7474A,C7499T,C7509A,T7672C,T7872C,A7992G,T8184C,T8463G,G8886A,T8994C,T9022C,T9117C,T9214C,T9232C,C9351T,C9768T,C9771T,A10226G,T10305C,A10446T,T10680C,A11277G,T11616C,T11787C,G11808A,T11901C,T11907C,C11955T,G12051A,A12183T,C12458T,C12558T,C12564T,T12609C,C12930T,T12942C,G12984A,A13743G,G13793A,T13821C,G13959T,C14477T,T14478C,C14535T,A14598G,C14802T	973,4586			F:F12I,F:S190N,F:S211N,F:S389P,G:V69A,G:A74V,G:S100G,G:A116T,G:T131A,G:I137T,G:P214S,G:P221L,G:I252T,G:T254I,G:I268T,G:A269V,G:S275P,G:Y285H,G:S286T,L:S169P,L:K570R,L:T1314I,L:R1759K,L:T1987I,M2-2:I2T,N:V97I,NS2:D6N,P:D225N			T3180C		C582T,G1531A,G2977A,C3135T,A3164G,C3633T,T3738C,A3969G,T4109C,T4132C,T4141C,T4146C,G4149A,T4237C,T4254C,T4255C,T4345C,T4588C,A4601G,T4699C,T4851C,G4897A,C5377T,T5501A,A5620C,C5661T,A6713T,T7268C,C7499T,T7672C,T9117C,A11277G,C12458T,C14535T,A14598G	1	0	35	36	1-3,3717-3719,3736,3754-3783,3800-3878,4009-4022,4025-4036,4221-4222,4444-4556,6935-6960,6985-6988,7534-7563,8195-8219,8222-8438,8459-8461,8470-8543,9045-9114,9278-9306,9340-9348,9459,9668-9669,11352-11435,13507-13742,13846-13847,13859-13898,15027-15082,15093-15222	M:167,M:173,M:179-188,M:194-220,SH:62-66,F:421-429,F:437-438,M2-1:190-196,M2-2:6-87,L:1-9,L:176-199,L:254-263,L:275-277,L:314,L:384,L:946-973,L:1664-1742,L:1777,L:1781-1794		2500	39.750000	mediocre	1295	8	0	good	0	150	-14	0	good	36						0		0	0	good		0	0	good	0				
35	51607_2_78|05.12.2024|Switzerland|VD	B.D.E.1	-0	1.562500	good	139	2	4	0	1	1	29	0	0	1	45085	1	15222	0.9998686112206018	false	C3G,A50T,C320T,T479C,G513T,G579A,C817T,T982A,C998A,G1117A,C1266T,G1385A,G1732A,G1801A,T1846C,C2074T,C2198T,A2486G,C2554T,C2691T,G3036C,A3060G,C3082T,T3095C,T3096C,C3146T,C3169T,C3174T,C3180T,A3201T,A3354C,G3438A,A3579G,A3735G,G3834A,C3903T,G4008A,C4030T,C4064T,T4109C,A4126T,G4129A,C4200T,C4483T,C4485T,C4490T,C4495T,C4866T,T4941C,A4943G,A4969T,G5049A,T5055C,C5285T,C5307T,C5377T,T5400C,A5413C,T5448C,C5451T,T5455C,T5468C,C5476T,T5498C,C5530T,G5580A,T5619A,A5624G,T5741C,T5762C,A5825T,G6014A,C6017T,C6026T,A6101G,A6197G,G6244A,G6307A,C6323T,G6638T,C6731T,T6840C,T6896C,T6989C,A7028G,G7136A,G7232A,T7376C,T7379C,T7474A,T7503C,A7526T,T7872C,G8055A,T8184C,T8259C,A8281C,G8282A,G8323A,G8325T,C8470T,T8487C,T8622C,G8886A,G8901A,C9080T,A9081G,C9351T,T9603C,T9753A,C9768T,A10226G,T10305C,T10680C,G11562A,T11616C,T11787C,T11901C,T11907C,C11955T,A12183T,T12315C,C12564T,T12609C,A12786G,C12930T,G12984A,T13140C,A13726G,A13743G,G13793A,T13821C,G13959T,C14477T,T14478C,C14541T,C14802T,A14895G,C15061T	973,4586	15089:AAWA		F:S190N,F:S211N,F:S389P,G:A74V,G:V99A,G:S100G,G:G135D,G:I137T,G:P214S,G:P221L,G:I252T,G:K256N,G:I268T,G:A269V,G:S275P,G:Y285H,L:T188M,L:K570R,L:T1737A,L:R1759K,L:T1987I,M2-2:I2T,M2-2:M27T,M2-2:K34N,M2-2:D35N,M2-2:C49F,N:A57V,N:V97I,P:N61S			G5036A		A50T,C320T,T479C,C817T,T982A,G1117A,C1266T,G1801A,A2486G,C3174T,A3201T,G3834A,C4030T,T4109C,A4126T,C4200T,T4941C,G5049A,C5377T,C5451T,T5619A,T5741C,T5762C,G6014A,A6101G,C6323T,A7028G,G7136A,T7379C,T7503C,A7526T,G8055A,A8281C,G8323A,T8622C,C9080T,A9081G,T9753A,G11562A,A12786G,T13140C,A13726G,C14541T,A14895G,C15061T	1	0	45	46	1	L:2050	W:14666	2500	0	good	1	8	12.500000	good	1	150	-4	0	good	46						0		0	0	good		0	0	good	0				
36	51607_2_95|20.12.2024|Switzerland|VD	B.D.E.1.1	-0	14.062500	good	139	2	3	0	225	3	26	0	0	29	44861	1	15222	0.9850216791486007	false	A276G,G513T,G579A,C628T,C998A,C1159T,T1333C,G1385A,G1732A,T1846C,C2074T,C2198T,T2490C,C2554T,C2691T,C2707T,T2898G,C3000T,G3036C,A3060G,C3082T,T3095C,T3096C,G3105A,C3146T,T3158C,C3169T,C3180T,C3306T,A3351T,A3354C,G3438A,A3579G,A3735G,C3903T,G4008A,C4064T,C4102T,C4120T,G4129A,C4243T,G4247A,C4267T,C4483T,C4485T,C4490T,C4495T,A4531G,G4572A,T4807C,C4866T,A4943G,A4969T,A5036G,T5055C,A5119G,C5285T,C5307T,T5400C,A5413C,T5448C,T5455C,T5468C,C5476T,T5498C,C5530T,G5580A,A5624G,G5651A,A5825T,C5984T,C6017T,C6026T,T6194A,A6197G,G6244A,G6307A,A6518G,G6521A,G6638T,C6731T,T6840C,T6896C,T6989C,A7224C,G7232A,T7376C,C7410T,T7474A,C7573T,C7604T,T7872C,C8049T,T8124C,T8184C,T8259C,G8282A,G8325T,A8832G,G8886A,G8901A,C9351T,T9603C,C9768T,T10146A,A10226G,A10286G,T10305C,T10389C,C10665T,T10680C,T11401C,T11541C,T11616C,T11787C,T11901C,T11907C,C11955T,A12183T,T12315C,C12564T,T12567C,T12609C,T12693C,C12930T,G12984A,C13263T,A13419T,A13743G,G13793A,T13821C,G13959T,T14366C,C14477T,T14478C,C14503T,C14802T,A15105T,T15137G	973,4586	15089:ATA		F:S190N,F:S211N,F:S389P,F:N517H,G:A74V,G:S100G,G:T131A,G:I137T,G:P214S,G:P221L,G:I252T,G:K256N,G:I268T,G:S275P,G:Y285H,L:K570R,L:N590S,L:R1759K,L:I1950T,L:T1987I,M2-2:I2T,M2-2:M27T,M2-2:D35N,M2-2:C49F,N:V97I,NS1:K74E			T215C,A332G,A2977G,A13221G,G14343A		C1159T,T2490C,T2898G,G4572A,T4807C,G5651A,G6521A,A7224C,C7573T,T11401C,T12567C,T14366C,T15137G	5	0	13	18	1-4,5233,8095-8116,8453-8560,12996-13005,15143-15222	M2-1:147,M2-1:157-164,L:1-15,L:1489,L:1493-1496	K:4191,R:8066,M:12983	2500	0	good	225	8	37.500000	mediocre	3	150	-32	0	good	18						0		0	0	good		0	0	good	0				
32	51607_2_35|30.03.2025|Switzerland|AG	B.D.E.1.1	-0	295.560000	bad	132	2	0	0	2180	12	22	0	0	618	42940	1	15222	0.8559978977795296	false	A276G,G332A,C467A,G513T,G579A,C628T,C998A,T1333C,G1385A,C1561T,G1732A,T1846C,C2074T,C2198T,T2457C,C2554T,C2691T,C2707T,G2977A,C3000T,G3036C,A3060G,C3082T,T3095C,T3096C,G3105A,A3111C,C3146T,T3158C,C3169T,C3180T,C3306T,A3351T,A3354C,G3438A,A3579G,A3735G,C3903T,G4008A,C4064T,C4102T,C4120T,T4128C,G4129A,C4203T,C4243T,G4247A,C4267T,A4405G,C4483T,C4485T,C4490T,C4495T,A4531G,A4556C,C4866T,A4943G,A4969T,A5036G,T5055C,A5119G,C5307T,C5323T,C5368T,A5413C,T5448C,T5455C,T5468C,C5476T,T5498C,C5530T,G5580A,A5624G,A5825T,C5984T,C6017T,C6026T,T6194A,A6197G,G6244A,G6307A,A6518G,G6638T,C6731T,T6840C,C6841T,T6896C,T6989C,G7232A,T7376C,C7604T,T7872C,C8049T,T8124C,T8184C,T8259C,G8282A,G8325T,C8470T,T8487C,G8886A,G8901A,T8985C,T8994C,C9351T,A9558T,T9603C,T10146A,A10226G,A10286G,T10305C,T10389C,C10665T,T10680C,T11358C,T11541C,T11616C,T11787C,T11901C,T11907C,T12315C,C12564T,T12609C,T12693C,C12699T,G13221A,C13263T,A13419T,G13959T,A14343G,A14388G,C14503T	973,4586			F:S190N,F:S211N,F:S389L,G:A74V,G:S100G,G:T131A,G:I137T,G:P221L,G:K256N,G:I268T,G:S275P,G:Y285H,L:K570R,L:N590S,M2-2:I2T,M2-2:M27T,M2-2:D35N,M2-2:C49F,N:V97I,NS1:K74E,P:D225N,SH:I49M					C467A,C1561T,T2457C,A3111C,T4128C,C4203T,A4556C,C6841T,T8985C,T8994C,A9558T,C12699T,A14388G	0	0	13	13	1-28,194-195,1004-1035,1038-1047,2133-2143,3478-3490,3652-3712,4139,4465,5189-5289,5395-5403,5718-5734,5745-5804,5844-5969,5977-5979,6428,7213-7220,7386-7504,7515-7518,7531,7932-8044,8313-8319,8493-8568,8827-8882,8892-8896,9039-9234,9435-9479,9727-9777,10391-10417,10569-10576,11630-11642,11955-12023,12160-12256,12261-12283,12288-12303,12875-13071,13074-13084,13087-13097,13583-13840,14474-14480,14737-14831,15032-15222	NS1:46-47,N:240,N:346-349,M:87-91,M:145-165,G:182-215,G:251-253,F:15-20,F:24-43,F:57-98,F:101-102,F:251,F:463,F:479,F:513-515,F:571-575,M2-1:103-140,M2-1:175,M2-2:45-47,L:1-17,L:104-122,L:125-127,L:174-239,L:306-321,L:404-420,L:625-634,L:684-687,L:724,L:1038-1042,L:1147-1169,L:1215-1247,L:1249-1256,L:1258-1262,L:1453-1518,L:1520-1527,L:1532,L:1689-1775,L:1986-1988,L:2073-2105	R:1651,R:1815,Y:4058,Y:4118,Y:4204,Y:6884,R:7062,R:7111,R:8149,R:10688,W:13113,R:14735	2500	84	mediocre	2180	8	150	bad	12	150	-37	0	good	13						0		0	0	good		0	0	good	0				
